lemma,pos,other_verified_pos,verified_by,oxford_levels_same_pos,oxford_entry,octanove_level,cefrj_level,disagreement,corpus,efllex_word,efllex_pos,efllex_match,efllex_a1,efllex_a2,efllex_b1,efllex_b2,efllex_c1,efllex_total,efllex_nb_doc,efllex_first_level,efllex_b2c1_share,zipf
abolish,verb,,oxford5000,c1,abolish,C2,B2,cefrj:B2,efllex,abolish,verb,lemma+pos,0.0,0.0,0.0,0.0,0.8152,0.2268,1,C1,1.0,3.48
absence,noun,,oxford5000,c1,absence,,B1,cefrj:B1,efllex,absence,noun,lemma+pos,0.0,0.0,1.3622,6.4517,0.9357,3.3764,5,B1,0.844,4.34
absent,adjective,,oxford5000,c1,absent_1,,B1,cefrj:B1,efllex,absent,adjective,lemma+pos,0.0,0.0,2.1495,0.6729,0.6091,1.4933,3,B1,0.374,3.98
absurd,adjective,,oxford5000,c1,absurd,,B2,cefrj:B2,efllex,absurd,adjective,lemma+pos,0.0,0.0,0.0,0.6749,0.6091,0.6752,2,B2,1.0,3.95
abundance,noun,,oxford5000,c1,abundance,C2,B1,cefrj:B1,wordfreq,,,,,,,,,,,,,3.86
abuse,noun,verb,oxford5000,c1,abuse_1,,B2,cefrj:B2,efllex,abuse,noun,lemma+pos,0.0,0.0,0.0,0.0,0.8152,0.2268,1,C1,1.0,4.66
academy,noun,,oxford5000,c1,academy,,B1,cefrj:B1,wordfreq,,,,,,,,,,,,,4.57
accelerate,verb,,oxford5000,c1,accelerate,,,,efllex,accelerate,verb,lemma+pos,0.0,0.0,0.0,0.0,2.4455,0.6803,3,C1,1.0,3.66
acceptance,noun,,oxford5000,c1,acceptance,,B1,cefrj:B1,efllex,acceptance,noun,lemma+pos,0.0,0.0,0.0,0.0,1.0665,0.0796,1,C1,1.0,4.16
accessible,adjective,,oxford5000,c1,accessible,,B1,cefrj:B1,efllex,accessible,adjective,lemma+pos,0.0,0.0,0.0,3.619,0.8152,1.2795,3,B2,1.0,4.18
accomplishment,noun,,oxford5000,c1,accomplishment,,,,efllex,accomplishment,noun,lemma+pos,0.0,0.0,0.0,0.8294,0.0,0.2268,1,B2,1.0,3.69
accordance,noun,,oxford5000,c1,accordance,,,,wordfreq,,,,,,,,,,,,,4.13
accordingly,adverb,,oxford5000,c1,accordingly,,B2,cefrj:B2,efllex,accordingly,adverb,lemma+pos,0.0,0.0,0.0,0.0,0.8152,0.2268,1,C1,1.0,4.02
accountability,noun,,oxford5000,c1,accountability,C2,,,wordfreq,,,,,,,,,,,,,3.91
accountable,adjective,,oxford5000,c1,accountable,,,,efllex,accountable,adjective,lemma+pos,0.0,0.0,0.0,7.8372,0.0,1.7665,3,B2,1.0,3.9
accumulate,verb,,oxford5000,c1,accumulate,,B2,cefrj:B2,efllex,accumulate,verb,lemma+pos,0.0,0.0,1.3622,0.0,0.8152,0.7381,2,B1,0.374,3.48
accumulation,noun,,oxford5000,c1,accumulation,,,,wordfreq,,,,,,,,,,,,,3.59
accusation,noun,,oxford5000,c1,accusation,,B2,cefrj:B2,wordfreq,,,,,,,,,,,,,3.6
accused,noun,,oxford5000,c1,the-accused,,,,wordfreq,,,,,,,,,,,,,4.46
acid,adjective,,oxford5000,c1,acid_2,,,,efllex,acid,noun,lemma,0.0,6.6381,0.0,0.0,0.0,0.2513,5,A2,0.0,4.45
acquisition,noun,,oxford5000,c1,acquisition,,B2,cefrj:B2,wordfreq,,,,,,,,,,,,,4.26
activation,noun,,oxford5000,c1,activation,,,,wordfreq,,,,,,,,,,,,,3.83
activist,noun,,oxford5000,c1,activist,,,,efllex,activist,noun,lemma+pos,0.0,0.0,0.0,0.0,0.1559,0.0314,1,C1,1.0,4.13
acute,adjective,,oxford5000,c1,acute,,B2,cefrj:B2,wordfreq,,,,,,,,,,,,,4.0
adaptation,noun,,oxford5000,c1,adaptation,,,,wordfreq,,,,,,,,,,,,,4.01
adhere,verb,,oxford5000,c1,adhere,C2,,,efllex,adhere,verb,lemma+pos,0.0,0.0,0.0,0.0,0.6091,0.0803,1,C1,1.0,3.57
adjacent,adjective,,oxford5000,c1,adjacent,,,,efllex,adjacent,adjective,lemma+pos,0.0,0.0,0.0,0.1311,0.1804,0.6236,2,B2,1.0,4.12
adjustment,noun,,oxford5000,c1,adjustment,,B2,cefrj:B2,wordfreq,,,,,,,,,,,,,3.88
administer,verb,,oxford5000,c1,administer,,,,wordfreq,,,,,,,,,,,,,3.54
administrative,adjective,,oxford5000,c1,administrative,,B2,cefrj:B2,efllex,administrative,adjective,lemma+pos,0.0,0.0,0.0,0.0,0.9605,0.0717,1,C1,1.0,4.45
administrator,noun,,oxford5000,c1,administrator,,,,wordfreq,,,,,,,,,,,,,4.07
admission,noun,,oxford5000,c1,admission,,B1,cefrj:B1,efllex,admission,noun,lemma+pos,0.0,1.774,0.0,0.0,0.0,0.4535,1,A2,0.0,4.15
adolescent,noun,,oxford5000,c1,adolescent_1,,,,efllex,adolescent,noun,lemma+pos,0.0,0.0,0.0,0.0,0.8152,0.2268,1,C1,1.0,3.58
adoption,noun,,oxford5000,c1,adoption,,B2,cefrj:B2,efllex,adoption,noun,lemma+pos,0.0,0.0,1.3622,0.0,1.2183,0.9894,3,B1,0.472,4.17
advantageous,adjective,,octanove,,,"C1,C2",,,efllex,advantageous,adjective,lemma+pos,0.0,0.0,0.0,0.0,0.1559,0.0314,1,C1,1.0,3.33
adverse,adjective,,oxford5000,c1,adverse,C2,B2,cefrj:B2,wordfreq,,,,,,,,,,,,,3.89
advocate,noun,verb,oxford5000,c1,advocate_1,,,,efllex,advocate,noun,lemma+pos,0.0,0.0,0.0,0.0,0.8152,0.2268,1,C1,1.0,4.21
aesthetic,adjective,,oxford5000,c1,aesthetic_1,C1,,,efllex,aesthetic,adjective,lemma+pos,0.0,0.0,0.0,0.8294,0.1804,0.611,2,B2,1.0,4.02
affection,noun,,oxford5000,c1,affection,,B1,cefrj:B1,efllex,affection,noun,lemma+pos,0.0,0.0,8.042,1.3498,2.133,3.3339,6,B1,0.302,3.92
aftermath,noun,,oxford5000,c1,aftermath,,,,wordfreq,,,,,,,,,,,,,3.9
aggression,noun,,oxford5000,c1,aggression,,,,efllex,aggression,noun,lemma+pos,0.0,0.0,1.3622,0.0,0.0,0.0812,1,B1,0.0,3.9
agreeable,adjective,,octanove,,,C1,,,efllex,agreeable,adjective,lemma+pos,0.0,0.0,0.0,0.0,0.8152,0.2268,1,C1,1.0,3.19
agricultural,adjective,,oxford5000,c1,agricultural,,B1,cefrj:B1,efllex,agricultural,adjective,lemma+pos,0.0,0.0,0.0,0.4103,0.6091,0.1606,2,B2,1.0,4.34
aide,noun,,oxford5000,c1,aide,,,,wordfreq,,,,,,,,,,,,,3.69
albeit,conjunction,,oxford5000,c1,albeit,,,,wordfreq,,,,,,,,,,,,,3.91
alert,adjective,noun;verb,oxford5000,c1,alert_3,,,,efllex,alert,adjective,lemma+pos,0.0,0.0,0.0,0.0,1.6303,0.4535,2,C1,1.0,4.33
alien,adjective,,oxford5000,c1,alien_2,,,,efllex,alien,adjective,lemma+pos,0.0,0.0,0.0,5.8056,0.0,1.5874,3,B2,1.0,4.29
alienate,verb,,octanove,,,C1,,,efllex,alienate,verb,lemma+pos,0.0,0.0,0.0,0.0,0.6091,0.0803,1,C1,1.0,3.03
align,verb,,oxford5000,c1,align,C1,,,efllex,align,verb,lemma+pos,0.0,0.0,0.0,0.0,0.8152,0.2268,1,C1,1.0,3.63
alignment,noun,,oxford5000,c1,alignment,C1,,,wordfreq,,,,,,,,,,,,,3.78
alike,adverb,adjective,oxford5000,c1,alike_1,,B1,cefrj:B1,efllex,alike,adverb,lemma+pos,0.0,1.1119,0.296,0.0,16.2406,5.5225,8,A2,0.92,4.13
allegation,noun,,oxford5000,c1,allegation,C1,B2,cefrj:B2,wordfreq,,,,,,,,,,,,,3.5
allege,verb,,oxford5000,c1,allege,C1,,,efllex,allege,verb,lemma+pos,0.0,0.0,0.0,0.0,0.1559,0.0314,1,C1,1.0,3.18
allegedly,adverb,,oxford5000,c1,allegedly,,,,efllex,allegedly,adverb,lemma+pos,0.0,0.0,0.0,0.0,0.1559,0.0314,1,C1,1.0,4.06
alleviate,verb,,octanove,,,C1,,,efllex,alleviate,verb,lemma+pos,0.0,0.0,0.0,0.0,0.8152,0.2268,1,C1,1.0,3.52
alliance,noun,,oxford5000,c1,alliance,,B2,cefrj:B2,efllex,alliance,noun,lemma+pos,0.0,0.0,0.0,0.0,0.6091,0.0803,1,C1,1.0,4.4
allocate,verb,,oxford5000,c1,allocate,,,,efllex,allocate,verb,lemma+pos,0.0,0.0,0.0,0.8294,0.0,0.2268,1,B2,1.0,3.31
allocation,noun,,oxford5000,c1,allocation,,,,efllex,allocation,noun,lemma+pos,0.0,0.0,0.0,0.0,0.1559,0.0314,1,C1,1.0,3.74
allowance,noun,,oxford5000,c1,allowance,,B1,cefrj:B1,efllex,allowance,noun,lemma+pos,0.0,0.0,1.3622,0.0,0.0,0.0812,1,B1,0.0,3.85
ally,noun,,oxford5000,c1,ally_1,,B2,cefrj:B2,efllex,ally,noun,lemma+pos,0.0,0.0,1.6375,1.6588,0.0,0.6803,3,B1,0.503,4.1
aluminium,noun,,oxford5000,c1,aluminium,,B2,cefrj:B2,efllex,aluminium,noun,lemma+pos,0.0,0.0,0.0,0.3154,0.0,0.045,1,B2,1.0,3.73
amateur,adjective,noun,oxford5000,c1,amateur_1,C1,,,efllex,amateur,adjective,lemma+pos,0.0,0.0,0.0,0.8294,0.0,0.2268,1,B2,1.0,4.22
ambassador,noun,,oxford5000,c1,ambassador,,B2,cefrj:B2,wordfreq,,,,,,,,,,,,,4.35
amend,verb,,oxford5000,c1,amend,,,,wordfreq,,,,,,,,,,,,,3.55
amendment,noun,,oxford5000,c1,amendment,,,,wordfreq,,,,,,,,,,,,,4.38
amid,preposition,,oxford5000,c1,amid,C1,,,efllex,amid,preposition,lemma+pos,0.0,0.0,0.0,0.8294,0.0,0.2268,1,B2,1.0,3.95
analogy,noun,,oxford5000,c1,analogy,,B2,cefrj:B2,wordfreq,,,,,,,,,,,,,3.71
anchor,verb,noun,octanove,,,C1,,,efllex,anchor,verb,lemma+pos,0.0,0.0,0.0,0.0,3.9648,0.6236,2,C1,1.0,4.02
anonymous,adjective,,oxford5000,c1,anonymous,,B2,cefrj:B2,efllex,anonymous,adjective,lemma+pos,0.0,0.0,0.0,10.4821,0.8152,1.7186,9,B2,1.0,4.17
anthropology,noun,,octanove,,,C1,,,efllex,anthropology,noun,lemma+pos,0.0,0.0,0.0,0.8294,0.0,0.2268,1,B2,1.0,3.65
appal,verb,,octanove,,,C1,,,efllex,appal,verb,lemma+pos,0.0,0.0,0.0,2.4881,0.0,0.6803,3,B2,1.0,1.63
apparatus,noun,,oxford5000,c1,apparatus,,,,efllex,apparatus,noun,lemma+pos,0.0,0.0,0.0,0.0,0.8152,0.2268,1,C1,1.0,3.78
appealing,adjective,,oxford5000,c1,appealing,,,,efllex,appealing,adjective,lemma+pos,0.0,0.0,0.0,0.0,1.6303,0.4535,2,C1,1.0,3.95
appetite,noun,,oxford5000,c1,appetite,,B1,cefrj:B1,efllex,appetite,noun,lemma+pos,0.0,0.0,0.0,0.0,0.9605,0.0717,1,C1,1.0,3.87
applaud,verb,,oxford5000,c1,applaud,,B1,cefrj:B1,wordfreq,,,,,,,,,,,,,3.46
appliance,noun,,octanove,,,C1,,,efllex,appliance,noun,lemma+pos,0.0,0.5559,0.0,0.3154,0.6091,1.4615,3,A2,0.624,3.35
applicable,adjective,,oxford5000,c1,applicable,,,,wordfreq,,,,,,,,,,,,,4.13
appoint,verb,,oxford5000,c1,appoint,,B1,cefrj:B1,efllex,appoint,verb,lemma+pos,0.0,0.0,0.0,8.1032,12.8341,5.7207,7,B2,1.0,3.7
appreciation,noun,,oxford5000,c1,appreciation,,B1,cefrj:B1,efllex,appreciation,noun,lemma+pos,0.0,0.0,0.0,0.0,0.8152,0.2268,1,C1,1.0,4.12
arbitrary,adjective,,oxford5000,c1,arbitrary,,,,wordfreq,,,,,,,,,,,,,3.85
architectural,adjective,,oxford5000,c1,architectural,,,,efllex,architectural,adjective,lemma+pos,0.0,0.0,0.0,0.0,0.8152,0.2268,1,C1,1.0,3.96
archive,noun,,oxford5000,c1,archive_1,,,,wordfreq,,,,,,,,,,,,,3.98
arena,noun,,oxford5000,c1,arena,,B2,cefrj:B2,wordfreq,,,,,,,,,,,,,4.33
arguably,adverb,,oxford5000,c1,arguably,,,,wordfreq,,,,,,,,,,,,,3.9
arm,verb,,oxford5000,c1,arm_2,,B1,cefrj:B1,efllex,arm,verb,lemma+pos,0.0,0.0,0.0,0.7308,0.9086,0.6792,2,B2,1.0,4.73
array,noun,,oxford5000,c1,array_1,,,,wordfreq,,,,,,,,,,,,,4.1
articulate,verb,,oxford5000,c1,articulate_1,,B2,cefrj:B2,efllex,articulate,verb,lemma+pos,0.0,0.0,0.0,0.0,0.1559,0.0314,1,C1,1.0,3.54
ash,noun,,oxford5000,c1,ash_1,,B2,cefrj:B2,efllex,ash,noun,lemma+pos,0.0,14.0572,0.0,0.8294,0.0,2.3151,7,A2,0.056,4.16
aspiration,noun,,oxford5000,c1,aspiration,,B2,cefrj:B2,efllex,aspiration,noun,lemma+pos,0.0,0.0,0.0,0.0,1.6303,0.4535,2,C1,1.0,3.3
aspire,verb,,oxford5000,c1,aspire,,B2,cefrj:B2,wordfreq,,,,,,,,,,,,,3.47
assault,noun,verb,oxford5000,c1,assault_1,,B2,cefrj:B2,efllex,assault,noun,lemma+pos,0.0,0.0,0.0,0.0,7.1057,0.8049,3,C1,1.0,4.44
assemble,verb,,oxford5000,c1,assemble,,B2,cefrj:B2,efllex,assemble,verb,lemma+pos,0.0,0.0,0.0,0.0,1.2183,0.1606,2,C1,1.0,3.64
assembly,noun,,oxford5000,c1,assembly,,B2,cefrj:B2,efllex,assembly,noun,lemma+pos,0.0,0.0,0.1675,0.0,3.2663,0.8214,3,B1,0.951,4.61
assert,verb,,oxford5000,c1,assert,,B2,cefrj:B2,efllex,assert,verb,lemma+pos,0.0,0.0,0.0,0.0,0.8152,0.2268,1,C1,1.0,3.62
assertion,noun,,oxford5000,c1,assertion,C1,,,wordfreq,,,,,,,,,,,,,3.63
assurance,noun,,oxford5000,c1,assurance,,B2,cefrj:B2,efllex,assurance,noun,lemma+pos,0.0,0.0,0.0,0.8294,0.0,0.2268,1,B2,1.0,3.81
asylum,noun,,oxford5000,c1,asylum,,,,efllex,asylum,noun,lemma+pos,0.0,0.0,0.0,0.0,0.8152,0.2268,1,C1,1.0,3.99
atmospheric,adjective,,octanove,,,C1,,,efllex,atmospheric,adjective,lemma+pos,0.0,0.0,0.0,0.0,0.8152,0.2268,1,C1,1.0,3.84
attain,verb,,oxford5000,c1,attain,,B1,cefrj:B1,wordfreq,,,,,,,,,,,,,3.6
attendance,noun,,oxford5000,c1,attendance,,B2,cefrj:B2,wordfreq,,,,,,,,,,,,,4.17
attorney,noun,,oxford5000,c1,attorney,,,,efllex,attorney,noun,lemma+pos,0.0,0.0,1.3622,0.0,2.807,1.1278,3,B1,0.673,4.69
attribute,verb,noun,oxford5000,c1,attribute_1,,B2,cefrj:B2,efllex,attribute,verb,lemma+pos,0.0,0.0,0.0,0.0,0.1804,0.045,1,C1,1.0,3.77
audit,noun,,oxford5000,c1,audit_1,C2,B2,cefrj:B2,wordfreq,,,,,,,,,,,,,4.04
authentic,adjective,,oxford5000,c1,authentic,,,,efllex,authentic,adjective,lemma+pos,2.4671,0.0,1.6375,0.3154,0.6091,2.3729,4,A1,0.184,4.04
authorize,verb,,oxford5000,c1,authorize,,B2,cefrj:B2,wordfreq,,,,,,,,,,,,,3.38
autonomy,noun,,oxford5000,c1,autonomy,,,,wordfreq,,,,,,,,,,,,,3.86
availability,noun,,oxford5000,c1,availability,,B2,cefrj:B2,efllex,availability,noun,lemma+pos,0.0,0.0,2.5892,0.0,0.0,0.0865,1,B1,0.0,4.13
avid,adjective,,octanove,,,C1,,,efllex,avid,adjective,lemma+pos,0.0,0.0,0.0,0.0,0.6091,0.0803,1,C1,1.0,3.5
await,verb,,oxford5000,c1,await,,B2,cefrj:B2,efllex,await,verb,lemma+pos,0.0,0.0,0.0,0.0,0.1804,0.045,1,C1,1.0,3.63
backdrop,noun,,oxford5000,c1,backdrop,,,,efllex,backdrop,noun,lemma+pos,0.0,0.0,0.0,0.0,1.6303,0.4535,2,C1,1.0,3.58
backing,noun,,oxford5000,c1,backing,,,,efllex,backing,noun,lemma+pos,0.0,0.0,0.0,0.0,0.1559,0.0314,1,C1,1.0,4.23
backup,noun,,oxford5000,c1,backup,,B2,cefrj:B2,efllex,backup,noun,lemma+pos,0.0,0.0,1.6375,0.0,0.0,0.2268,1,B1,0.0,4.21
bail,noun,,oxford5000,c1,bail_1,,,,efllex,bail,noun,lemma+pos,0.0,0.0,0.0,0.0,0.1559,0.0314,1,C1,1.0,4.01
ballot,noun,,oxford5000,c1,ballot_1,,B2,cefrj:B2,wordfreq,,,,,,,,,,,,,4.06
banner,noun,,oxford5000,c1,banner,,,,efllex,banner,noun,lemma+pos,0.0,0.0,0.0,0.1311,0.0,0.0314,1,B2,1.0,4.12
bare,adjective,,oxford5000,c1,bare_1,,B1,cefrj:B1,efllex,bare,adjective,lemma+pos,0.0,0.887,0.5308,0.1311,1.8171,2.6406,5,A2,0.579,4.18
barrel,noun,,oxford5000,c1,barrel_1,,B1,cefrj:B1,efllex,barrel,noun,lemma+pos,0.0,0.0,0.0,3.3735,1.8171,1.8073,3,B2,1.0,4.17
battlefield,noun,,oxford5000,c1,battlefield,,B2,cefrj:B2,efllex,battlefield,noun,lemma+pos,0.0,0.0,0.0,0.0,0.9086,0.0678,1,C1,1.0,3.93
beam,noun,,oxford5000,c1,beam_1,,B2,cefrj:B2,efllex,beam,noun,lemma+pos,0.0,0.0,0.0,2.1924,2.133,1.6166,5,B2,1.0,4.14
beast,noun,,oxford5000,c1,beast,,B1,cefrj:B1,wordfreq,,,,,,,,,,,,,4.29
behalf,noun,,oxford5000,c1,behalf,,B1,cefrj:B1,efllex,behalf,noun,lemma+pos,0.0,0.0,0.0,0.0,0.9086,0.0678,1,C1,1.0,4.42
beloved,adjective,,oxford5000,c1,beloved_1,,B1,cefrj:B1,efllex,beloved,adjective,lemma+pos,0.0,4.1484,0.0,2.0247,0.8152,2.628,6,A2,0.406,4.17
benchmark,noun,,oxford5000,c1,benchmark_1,,,,wordfreq,,,,,,,,,,,,,3.6
beneath,preposition,,oxford5000,c1,beneath_1,,B1,cefrj:B1,efllex,beneath,preposition,lemma+pos,0.0,0.0,0.0,49.0577,59.8306,25.8608,21,B2,1.0,4.24
beneficiary,noun,,oxford5000,c1,beneficiary,C2,,,wordfreq,,,,,,,,,,,,,3.37
benign,adjective,,octanove,,,C1,,,efllex,benign,adjective,lemma+pos,0.0,0.0,0.0,0.4103,0.0,0.0803,1,B2,1.0,3.51
betray,verb,,oxford5000,c1,betray,,B2,cefrj:B2,efllex,betray,verb,lemma+pos,0.0,0.0,0.0,1.3498,4.9989,1.8447,4,B2,1.0,3.42
bind,verb,,oxford5000,c1,bind_1,,B2,cefrj:B2,efllex,bind,verb,lemma+pos,0.0,0.0,1.3622,0.8294,9.3954,3.4697,5,B1,0.882,3.75
biography,noun,,oxford5000,c1,biography,,B1,cefrj:B1,efllex,biography,noun,lemma+pos,0.0,0.0,0.0,0.0,6.3176,1.0267,3,C1,1.0,3.89
bishop,noun,,oxford5000,c1,bishop,,B1,cefrj:B1,efllex,bishop,noun,lemma+pos,0.0,0.0,0.0,0.0,28.1654,2.1014,3,C1,1.0,4.38
bizarre,adjective,,oxford5000,c1,bizarre,,B2,cefrj:B2,efllex,bizarre,adjective,lemma+pos,0.0,0.0,2.5892,5.1855,0.0,2.0668,3,B1,0.667,4.02
blade,noun,,oxford5000,c1,blade,,B2,cefrj:B2,efllex,blade,noun,lemma+pos,0.0,0.0,0.0,0.0,10.2834,1.5154,3,C1,1.0,4.19
blast,noun,verb,oxford5000,c1,blast_1,,B2,cefrj:B2,efllex,blast,noun,lemma+pos,0.0,0.0,0.0,0.0,0.6091,0.0803,1,C1,1.0,4.32
bleed,verb,,oxford5000,c1,bleed,,B1,cefrj:B1,efllex,bleed,verb,lemma+pos,0.0,0.0,0.0,5.5671,1.0665,1.8502,4,B2,1.0,3.72
blend,noun,verb,oxford5000,c1,blend_2,,B2,cefrj:B2,efllex,blend,noun,lemma+pos,0.0,0.0,0.0,0.8294,0.1804,0.611,2,B2,1.0,3.95
bless,verb,,oxford5000,c1,bless_1,,B1,cefrj:B1,wordfreq,,,,,,,,,,,,,4.17
blessing,noun,,oxford5000,c1,blessing,,B1,cefrj:B1,wordfreq,,,,,,,,,,,,,4.06
blockbuster,noun,,octanove,,,C1,,,efllex,blockbuster,noun,lemma+pos,0.0,0.0,0.0,0.0,0.1559,0.0314,1,C1,1.0,3.48
boast,verb,,oxford5000,c1,boast_1,,B1,cefrj:B1,efllex,boast,verb,lemma+pos,0.0,0.0,0.0,0.0,4.6544,0.7357,2,C1,1.0,3.51
boom,noun,,oxford5000,c1,boom_1,,B1,cefrj:B1,efllex,boom,noun,lemma+pos,0.0,0.0,0.0,0.8294,0.0,0.2268,1,B2,1.0,4.33
bounce,verb,,oxford5000,c1,bounce_1,,B1,cefrj:B1,efllex,bounce,verb,lemma+pos,0.0,0.0,0.0,1.6588,0.0,0.4535,2,B2,1.0,4.02
boundary,noun,,oxford5000,c1,boundary,,,,efllex,boundary,noun,lemma+pos,0.0,0.0,0.296,0.0,6.2163,1.8016,4,B1,0.955,4.13
breach,noun,verb,oxford5000,c1,breach_1,,,,efllex,breach,noun,lemma+pos,0.0,0.0,0.0,0.8294,0.0,0.2268,1,B2,1.0,4.13
breakdown,noun,,oxford5000,c1,breakdown,,B2,cefrj:B2,efllex,breakdown,noun,lemma+pos,0.0,0.0,0.0,0.1311,0.6091,0.5862,2,B2,1.0,4.1
breakthrough,noun,,oxford5000,c1,breakthrough_1,,B1,cefrj:B1,efllex,breakthrough,noun,lemma+pos,0.0,0.0,0.0,2.4881,3.3177,2.6443,5,B2,1.0,3.83
breed,verb,noun,oxford5000,c1,breed_1,,B1,cefrj:B1,efllex,breed,verb,lemma+pos,0.0,0.0,0.0,0.3154,0.0,0.045,1,B2,1.0,4.08
bribe,noun,verb,octanove,,,C1,,,efllex,bribe,noun,lemma+pos,0.0,0.0,0.0,0.0,1.921,0.1433,2,C1,1.0,3.5
broadband,noun,,oxford5000,c1,broadband,,B2,cefrj:B2,wordfreq,,,,,,,,,,,,,3.69
browser,noun,,oxford5000,c1,browser,,B2,cefrj:B2,wordfreq,,,,,,,,,,,,,3.89
brutal,adjective,,oxford5000,c1,brutal,,,,efllex,brutal,adjective,lemma+pos,0.0,0.0,0.0,0.0,0.1559,0.0314,1,C1,1.0,4.1
buddy,noun,,oxford5000,c1,buddy_1,,B1,cefrj:B1,efllex,buddy,noun,lemma+pos,0.0,0.0,2.7244,0.0,0.0,0.1625,2,B1,0.0,4.4
buffer,noun,,oxford5000,c1,buffer_1,C1,,,wordfreq,,,,,,,,,,,,,3.78
bulk,noun,,oxford5000,c1,bulk_1,C1,,,wordfreq,,,,,,,,,,,,,4.19
burden,noun,,oxford5000,c1,burden_1,,B1,cefrj:B1,wordfreq,,,,,,,,,,,,,4.23
bureaucracy,noun,,oxford5000,c1,bureaucracy,,B2,cefrj:B2,wordfreq,,,,,,,,,,,,,3.55
bureaucratic,adjective,,octanove,,,C1,,,efllex,bureaucratic,adjective,lemma+pos,0.0,0.0,0.0,0.8294,0.0,0.2268,1,B2,1.0,3.4
burial,noun,,oxford5000,c1,burial,,B2,cefrj:B2,wordfreq,,,,,,,,,,,,,3.9
burst,verb,noun,oxford5000,c1,burst_1,,B1,cefrj:B1,efllex,burst,verb,lemma+pos,0.0,0.0,1.3622,32.4467,13.4482,12.6299,14,B1,0.971,4.15
bypass,verb,,octanove,,,C1,,,efllex,bypass,verb,lemma+pos,0.0,0.0,0.0,0.0,0.6091,0.0803,1,C1,1.0,3.76
cabinet,noun,,oxford5000,c1,cabinet,,B2,cefrj:B2,wordfreq,,,,,,,,,,,,,4.49
calculation,noun,,oxford5000,c1,calculation,,B1,cefrj:B1,efllex,calculation,noun,lemma+pos,0.0,0.0,0.0,0.0,3.2859,0.6497,2,C1,1.0,3.76
canvas,noun,,oxford5000,c1,canvas,,,,efllex,canvas,noun,lemma+pos,0.0,0.0,0.0,1.577,7.42,3.097,3,B2,1.0,3.96
capability,noun,,oxford5000,c1,capability,,B2,cefrj:B2,efllex,capability,noun,lemma+pos,0.0,0.0,0.0,0.0,0.3118,0.0629,2,C1,1.0,4.07
capitalism,noun,,oxford5000,c1,capitalism,,,,efllex,capitalism,noun,lemma+pos,0.0,0.0,0.0,0.0,0.8152,0.2268,1,C1,1.0,3.97
capitalist,adjective,,oxford5000,c1,capitalist_1,,,,efllex,capitalist,adjective,lemma+pos,0.0,0.0,0.0,0.0,0.8152,0.2268,1,C1,1.0,3.79
cargo,noun,,oxford5000,c1,cargo,,,,efllex,cargo,noun,lemma+pos,0.0,0.0,0.0,0.8294,0.0,0.2268,1,B2,1.0,4.19
carriage,noun,,oxford5000,c1,carriage,,B1,cefrj:B1,efllex,carriage,noun,lemma+pos,52.2696,0.3248,31.5635,9.7716,33.2658,35.9425,21,A1,0.338,3.85
carrier,noun,,octanove,,,C1,,,efllex,carrier,noun,lemma+pos,0.0,0.0,0.0,0.0,0.8152,0.2268,1,C1,1.0,4.29
carve,verb,,oxford5000,c1,carve,,B2,cefrj:B2,efllex,carve,verb,lemma+pos,0.0,0.0,2.7244,0.0,0.0,0.1625,1,B1,0.0,3.41
casualty,noun,,oxford5000,c1,casualty_1,,,,wordfreq,,,,,,,,,,,,,3.61
catalogue,noun,,oxford5000,c1,catalogue_1,,B2,cefrj:B2,efllex,catalogue,noun,lemma+pos,0.0,0.0,2.5892,38.3874,0.0,7.6033,12,B1,0.937,3.91
cater,verb,,oxford5000,c1,cater,,,,efllex,cater,verb,lemma+pos,0.0,0.887,2.5892,0.1311,0.8152,1.9787,4,A2,0.214,3.55
cattle,noun,,oxford5000,c1,cattle,,B1,cefrj:B1,efllex,cattle,noun,lemma+pos,0.0,6.9339,0.0,0.5926,1.8714,2.8247,6,A2,0.262,4.15
caution,noun,,oxford5000,c1,caution_1,,B1,cefrj:B1,efllex,caution,noun,lemma+pos,0.0,0.0,0.0,0.0,0.6091,0.0803,1,C1,1.0,3.97
cautious,adjective,,oxford5000,c1,cautious,,B1,cefrj:B1,efllex,cautious,adjective,lemma+pos,0.0,0.0,2.7244,3.9002,0.6091,3.0381,5,B1,0.623,3.79
cease,verb,,oxford5000,c1,cease,,B2,cefrj:B2,efllex,cease,verb,lemma+pos,0.0,0.0,0.0,0.0,28.0071,4.5398,7,C1,1.0,4.03
cemetery,noun,,oxford5000,c1,cemetery,,B2,cefrj:B2,efllex,cemetery,noun,lemma+pos,0.0,0.3436,0.754,0.0,2.4455,2.3141,4,A2,0.69,4.06
chamber,noun,,oxford5000,c1,chamber,,,,efllex,chamber,noun,lemma+pos,0.0,0.0,0.0,0.0,5.3326,0.3979,4,C1,1.0,4.47
chaos,noun,,oxford5000,c1,chaos,,B1,cefrj:B1,efllex,chaos,noun,lemma+pos,0.0,0.0,0.0,0.0,6.9854,1.2795,3,C1,1.0,4.27
characterization,noun,,octanove,,,C1,,,efllex,characterization,noun,lemma+pos,0.0,0.0,0.0,0.8294,0.0,0.2268,1,B2,1.0,3.53
characterize,verb,,oxford5000,c1,characterize,,B1,cefrj:B1,efllex,characterize,verb,lemma+pos,0.0,0.0,0.0,0.0,0.6091,0.0803,1,C1,1.0,3.32
charm,noun,,oxford5000,c1,charm_1,,B1,cefrj:B1,efllex,charm,noun,lemma+pos,0.0,0.0,0.0,11.8747,3.8421,4.6574,9,B2,1.0,4.12
charter,noun,,oxford5000,c1,charter_1,C1,,,wordfreq,,,,,,,,,,,,,4.23
chronic,adjective,,oxford5000,c1,chronic,,,,efllex,chronic,adjective,lemma+pos,0.0,0.0,0.0,0.0,0.8152,0.2268,1,C1,1.0,4.2
chunk,noun,,oxford5000,c1,chunk,,B2,cefrj:B2,efllex,chunk,noun,lemma+pos,0.0,0.0,1.3622,0.0,0.8152,0.7381,2,B1,0.374,3.64
churn,verb,,octanove,,,C1,,,efllex,churn,verb,lemma+pos,0.0,0.0,0.0,0.0,0.8152,0.2268,1,C1,1.0,3.07
circulate,verb,,oxford5000,c1,circulate,C1,,,efllex,circulate,verb,lemma+pos,0.0,0.0,0.0,0.0,4.6544,0.7357,2,C1,1.0,3.17
circulation,noun,,oxford5000,c1,circulation,C1,,,efllex,circulation,noun,lemma+pos,0.0,0.0,0.0,0.0,0.8152,0.2268,1,C1,1.0,3.96
citizenship,noun,,oxford5000,c1,citizenship,,B1,cefrj:B1,efllex,citizenship,noun,lemma+pos,0.0,0.0,0.0,0.0,0.8152,0.2268,1,C1,1.0,4.1
civic,adjective,,oxford5000,c1,civic,,,,efllex,civic,adjective,lemma+pos,0.0,0.0,0.0,0.8294,0.0,0.2268,1,B2,1.0,4.0
civilian,adjective,noun,oxford5000,c1,civilian_2,,,,wordfreq,,,,,,,,,,,,,4.23
clan,noun,,octanove,,,C1,,,efllex,clan,noun,lemma+pos,0.0,0.0,0.0,3.1541,0.0,0.4505,2,B2,1.0,3.97
clarity,noun,,oxford5000,c1,clarity,,,,wordfreq,,,,,,,,,,,,,3.9
clash,noun,,oxford5000,c1,clash_1,,,,efllex,clash,noun,lemma+pos,0.0,0.0,1.3622,0.0,2.4455,1.767,3,B1,0.642,3.97
classification,noun,,oxford5000,c1,classification,,B2,cefrj:B2,wordfreq,,,,,,,,,,,,,4.18
claustrophobic,adjective,,octanove,,,C1,,,efllex,claustrophobic,adjective,lemma+pos,0.0,0.0,0.0,0.0,0.8152,0.2268,1,C1,1.0,2.85
cling,verb,,oxford5000,c1,cling,,,,wordfreq,,,,,,,,,,,,,3.49
clinical,adjective,,oxford5000,c1,clinical,C1,,,efllex,clinical,adjective,lemma+pos,0.0,0.0,0.0,0.8294,0.0,0.2268,1,B2,1.0,4.51
closure,noun,,oxford5000,c1,closure,,B2,cefrj:B2,wordfreq,,,,,,,,,,,,,4.11
cluster,noun,,oxford5000,c1,cluster_1,,,,wordfreq,,,,,,,,,,,,,3.99
coalition,noun,,oxford5000,c1,coalition,,B2,cefrj:B2,wordfreq,,,,,,,,,,,,,4.23
coastal,adjective,,oxford5000,c1,coastal,,B1,cefrj:B1,efllex,coastal,adjective,lemma+pos,0.0,0.0,0.0,2.8882,3.1517,2.2318,4,B2,1.0,4.19
cognitive,adjective,,oxford5000,c1,cognitive,C2,,,wordfreq,,,,,,,,,,,,,4.11
coincide,verb,,oxford5000,c1,coincide,,B2,cefrj:B2,wordfreq,,,,,,,,,,,,,3.49
collaborate,verb,,oxford5000,c1,collaborate,C1,,,efllex,collaborate,verb,lemma+pos,0.0,0.0,0.0,3.619,0.0,0.7357,2,B2,1.0,3.51
collaboration,noun,,oxford5000,c1,collaboration,C1,,,efllex,collaboration,noun,lemma+pos,0.0,0.0,0.0,0.0,0.6091,0.0803,1,C1,1.0,4.28
collective,adjective,,oxford5000,c1,collective_1,,,,efllex,collective,adjective,lemma+pos,0.0,0.0,0.0,0.3154,4.6544,1.4218,3,B2,1.0,4.3
collision,noun,,oxford5000,c1,collision,,,,wordfreq,,,,,,,,,,,,,3.95
colonial,adjective,,oxford5000,c1,colonial_1,,B2,cefrj:B2,efllex,colonial,adjective,lemma+pos,0.0,0.0,0.0,0.8294,0.0,0.2268,1,B2,1.0,4.17
columnist,noun,,oxford5000,c1,columnist,,B1,cefrj:B1,wordfreq,,,,,,,,,,,,,3.58
combat,verb,noun,oxford5000,c1,combat_2,,,,efllex,combat,verb,lemma+pos,0.0,0.0,0.0,0.0,0.8152,0.2268,1,C1,1.0,4.56
commence,verb,,oxford5000,c1,commence,,,,wordfreq,,,,,,,,,,,,,3.59
commentary,noun,,oxford5000,c1,commentary,,,,efllex,commentary,noun,lemma+pos,0.0,0.0,0.0,0.0,1.6303,0.4535,2,C1,1.0,4.19
commentator,noun,,oxford5000,c1,commentator,,,,wordfreq,,,,,,,,,,,,,3.67
commerce,noun,,oxford5000,c1,commerce,,B2,cefrj:B2,wordfreq,,,,,,,,,,,,,4.37
commissioner,noun,,oxford5000,c1,commissioner,,,,wordfreq,,,,,,,,,,,,,4.43
commodity,noun,,oxford5000,c1,commodity,C2,,,efllex,commodity,noun,lemma+pos,0.0,0.0,0.0,0.0,0.8152,0.2268,1,C1,1.0,3.86
communist,adjective,,oxford5000,c1,communist_1,,,,wordfreq,,,,,,,,,,,,,4.32
companion,noun,,oxford5000,c1,companion,,B1,cefrj:B1,efllex,companion,noun,lemma+pos,0.0,0.0,1.6375,0.6749,19.4011,4.6791,8,B1,0.925,4.13
comparable,adjective,,oxford5000,c1,comparable,,,,efllex,comparable,adjective,lemma+pos,0.0,0.0,0.0,0.0,0.8152,0.2268,1,C1,1.0,4.08
compassion,noun,,oxford5000,c1,compassion,,B2,cefrj:B2,wordfreq,,,,,,,,,,,,,3.95
compel,verb,,oxford5000,c1,compel,C1,,,wordfreq,,,,,,,,,,,,,3.28
compelling,adjective,,oxford5000,c1,compelling,,,,efllex,compelling,adjective,lemma+pos,0.0,0.0,0.0,0.0,6.9854,1.2795,3,C1,1.0,3.98
compensate,verb,,oxford5000,c1,compensate,,B2,cefrj:B2,efllex,compensate,verb,lemma+pos,0.0,0.0,0.0,0.8294,0.6091,0.7357,2,B2,1.0,3.78
compensation,noun,,oxford5000,c1,compensation,,B2,cefrj:B2,efllex,compensation,noun,lemma+pos,0.0,0.887,0.0,11.1039,3.373,5.1058,7,A2,0.942,4.33
competence,noun,,oxford5000,c1,competence,,B2,cefrj:B2,efllex,competence,noun,lemma+pos,0.0,0.0,1.3622,0.0,0.0,0.0812,1,B1,0.0,3.58
competent,adjective,,oxford5000,c1,competent,,B2,cefrj:B2,efllex,competent,adjective,lemma+pos,0.0,0.0,0.0,0.1311,0.0,0.0314,1,B2,1.0,3.92
compile,verb,,oxford5000,c1,compile,,B2,cefrj:B2,wordfreq,,,,,,,,,,,,,3.38
complement,verb,,oxford5000,c1,complement_1,,,,wordfreq,,,,,,,,,,,,,3.77
complexity,noun,,oxford5000,c1,complexity,C1,B2,cefrj:B2,efllex,complexity,noun,lemma+pos,0.0,0.0,0.0,0.0,0.8152,0.2268,1,C1,1.0,4.02
compliance,noun,,oxford5000,c1,compliance,C1,,,wordfreq,,,,,,,,,,,,,4.17
complication,noun,,oxford5000,c1,complication,,,,efllex,complication,noun,lemma+pos,0.0,0.0,0.0,0.6524,0.9605,0.6712,2,B2,1.0,3.31
complimentary,adjective,,octanove,,,C1,,,efllex,complimentary,adjective,lemma+pos,0.0,0.0,0.0,1.6588,0.0,0.4535,1,B2,1.0,3.35
comply,verb,,oxford5000,c1,comply,C1,,,efllex,comply,verb,lemma+pos,0.0,0.0,0.0,0.2622,0.0,0.0629,2,B2,1.0,4.04
composition,noun,,oxford5000,c1,composition,,B1,cefrj:B1,efllex,composition,noun,lemma+pos,0.0,0.0,0.0,0.8294,0.0,0.2268,1,B2,1.0,4.33
compromise,verb,noun,oxford5000,c1,compromise_2,,B2,cefrj:B2,efllex,compromise,verb,lemma+pos,0.0,0.0,0.0,0.8294,0.6091,0.7357,2,B2,1.0,4.15
compute,verb,,oxford5000,c1,compute,,B2,cefrj:B2,wordfreq,,,,,,,,,,,,,3.41
conceal,verb,,oxford5000,c1,conceal,,B2,cefrj:B2,efllex,conceal,verb,lemma+pos,0.0,0.0,0.0,0.0,0.3118,0.0629,2,C1,1.0,3.52
concede,verb,,oxford5000,c1,concede,,B2,cefrj:B2,wordfreq,,,,,,,,,,,,,3.48
conceive,verb,,oxford5000,c1,conceive,C1,B2,cefrj:B2,wordfreq,,,,,,,,,,,,,3.4
conception,noun,,oxford5000,c1,conception,,B2,cefrj:B2,wordfreq,,,,,,,,,,,,,3.75
concession,noun,,oxford5000,c1,concession,,B2,cefrj:B2,wordfreq,,,,,,,,,,,,,3.57
condemn,verb,,oxford5000,c1,condemn,,B2,cefrj:B2,wordfreq,,,,,,,,,,,,,3.72
condition,verb,,octanove,,,C1,,,efllex,condition,verb,lemma+pos,2.9398,0.0,0.0,0.0,18.5459,2.8645,8,A1,0.863,4.86
confer,verb,,oxford5000,c1,confer,,,,efllex,confer,verb,lemma+pos,0.0,0.0,0.0,0.0,0.1559,0.0314,1,C1,1.0,3.19
confession,noun,,oxford5000,c1,confession,,B2,cefrj:B2,efllex,confession,noun,lemma+pos,0.0,0.0,0.0,0.0,0.9086,0.0678,1,C1,1.0,3.88
configuration,noun,,oxford5000,c1,configuration,,,,wordfreq,,,,,,,,,,,,,3.97
confine,verb,,oxford5000,c1,confine,,B2,cefrj:B2,efllex,confine,verb,lemma+pos,0.0,0.0,0.0,0.0,0.8152,0.2268,1,C1,1.0,2.92
confirmation,noun,,oxford5000,c1,confirmation,,B1,cefrj:B1,efllex,confirmation,noun,lemma+pos,0.0,0.0,0.0,0.8294,0.0,0.2268,1,B2,1.0,4.08
conform,verb,,octanove,,,C1,,,efllex,conform,verb,lemma+pos,0.0,0.0,0.0,0.0,4.6544,0.7357,2,C1,1.0,3.53
confront,verb,,oxford5000,c1,confront,,B2,cefrj:B2,efllex,confront,verb,lemma+pos,0.0,0.0,1.3622,0.0,0.8152,0.7381,2,B1,0.374,3.8
confrontation,noun,,oxford5000,c1,confrontation,,,,efllex,confrontation,noun,lemma+pos,0.0,0.0,0.0,0.1311,0.0,0.0314,1,B2,1.0,3.72
congratulate,verb,,oxford5000,c1,congratulate,,B1,cefrj:B1,efllex,congratulate,verb,lemma+pos,0.0,0.0,2.5892,0.0,0.9357,0.6969,2,B1,0.265,3.59
congregation,noun,,oxford5000,c1,congregation,,,,wordfreq,,,,,,,,,,,,,3.82
conjure,verb,,octanove,,,C1,,,efllex,conjure,verb,lemma+pos,0.0,0.0,0.0,1.3498,0.0,0.1147,2,B2,1.0,3.1
conquer,verb,,oxford5000,c1,conquer,,B1,cefrj:B1,wordfreq,,,,,,,,,,,,,3.77
conscience,noun,,oxford5000,c1,conscience,,B2,cefrj:B2,efllex,conscience,noun,lemma+pos,0.0,0.0,0.0,0.0,0.9357,0.0698,1,C1,1.0,3.96
conscientious,adjective,,octanove,,,C1,,,efllex,conscientious,adjective,lemma+pos,0.0,0.0,0.0,0.0,0.8152,0.2268,1,C1,1.0,3.24
consciousness,noun,,oxford5000,c1,consciousness,,B2,cefrj:B2,efllex,consciousness,noun,lemma+pos,0.0,0.0,0.0,4.9047,13.4531,4.8537,6,B2,1.0,4.13
consecutive,adjective,,oxford5000,c1,consecutive,,,,efllex,consecutive,adjective,lemma+pos,0.0,0.0,2.5892,0.1311,0.0,0.58,2,B1,0.048,4.18
consensus,noun,,oxford5000,c1,consensus,,B2,cefrj:B2,efllex,consensus,noun,lemma+pos,0.0,0.0,0.0,1.6588,0.6091,1.2795,2,B2,1.0,4.1
consent,noun,verb,oxford5000,c1,consent_1,,B2,cefrj:B2,efllex,consent,noun,lemma+pos,0.0,0.0,0.0,4.0091,0.0,0.6624,2,B2,1.0,4.36
conserve,verb,,oxford5000,c1,conserve_1,C1,,,efllex,conserve,verb,lemma+pos,0.0,0.0,0.0,2.732,0.1804,1.9629,3,B2,1.0,3.37
consistency,noun,,oxford5000,c1,consistency,,,,efllex,consistency,noun,lemma+pos,0.0,0.0,0.0,0.0,0.8152,0.2268,1,C1,1.0,3.99
consolidate,verb,,oxford5000,c1,consolidate,,,,efllex,consolidate,verb,lemma+pos,0.0,0.0,0.0,0.1311,0.0,0.0314,1,B2,1.0,3.47
constituency,noun,,oxford5000,c1,constituency,,,,wordfreq,,,,,,,,,,,,,3.69
constitute,verb,,oxford5000,c1,constitute,,B1,cefrj:B1,wordfreq,,,,,,,,,,,,,3.85
constitution,noun,,oxford5000,c1,constitution,,B1,cefrj:B1,wordfreq,,,,,,,,,,,,,4.56
constitutional,adjective,,oxford5000,c1,constitutional_2,,,,efllex,constitutional,adjective,lemma+pos,0.0,0.0,0.0,0.0,0.8152,0.2268,1,C1,1.0,4.33
constraint,noun,,oxford5000,c1,constraint,C1,,,efllex,constraint,noun,lemma+pos,0.0,0.0,0.0,0.8294,0.0,0.2268,1,B2,1.0,3.28
consultation,noun,,oxford5000,c1,consultation,C1,,,wordfreq,,,,,,,,,,,,,4.02
contemplate,verb,,oxford5000,c1,contemplate,,,,efllex,contemplate,verb,lemma+pos,0.0,0.0,0.0,0.0,0.6091,0.0803,1,C1,1.0,3.41
contempt,noun,,oxford5000,c1,contempt,,B2,cefrj:B2,wordfreq,,,,,,,,,,,,,3.74
contend,verb,,oxford5000,c1,contend,,,,efllex,contend,verb,lemma+pos,0.0,0.0,0.0,0.0,4.6544,0.7357,2,C1,1.0,3.56
contender,noun,,oxford5000,c1,contender,,,,efllex,contender,noun,lemma+pos,0.0,0.0,0.0,0.0,0.6091,0.0803,1,C1,1.0,3.6
contention,noun,,oxford5000,c1,contention,,,,wordfreq,,,,,,,,,,,,,3.73
continually,adverb,,oxford5000,c1,continually,,B1,cefrj:B1,efllex,continually,adverb,lemma+pos,0.0,0.0,0.0,0.0,0.6091,0.0803,1,C1,1.0,3.91
contractor,noun,,oxford5000,c1,contractor,C1,,,efllex,contractor,noun,lemma+pos,0.0,0.0,0.0,0.1012,0.0,0.0812,1,B2,1.0,4.08
contradiction,noun,,oxford5000,c1,contradiction,,B2,cefrj:B2,wordfreq,,,,,,,,,,,,,3.45
contrary,adjective,noun,oxford5000,c1,,,B1,cefrj:B1,efllex,contrary,adjective,lemma+pos,0.0,0.0,0.0,0.0,4.6544,0.7357,2,C1,1.0,4.17
contributor,noun,,oxford5000,c1,contributor,,,,efllex,contributor,noun,lemma+pos,0.0,0.0,1.3622,0.0,0.0,0.0812,1,B1,0.0,3.72
conversion,noun,,oxford5000,c1,conversion,,B2,cefrj:B2,efllex,conversion,noun,lemma+pos,0.0,0.0,0.0,0.0,0.1559,0.0314,1,C1,1.0,4.24
convict,verb,,oxford5000,c1,convict_1,C1,,,efllex,convict,verb,lemma+pos,0.0,0.0,1.3622,0.6749,0.6091,1.503,3,B1,0.485,3.56
conviction,noun,,oxford5000,c1,conviction,C1,,,wordfreq,,,,,,,,,,,,,4.14
cooperate,verb,,oxford5000,c1,cooperate,,B2,cefrj:B2,efllex,cooperate,verb,lemma+pos,0.0,0.0,0.0,0.4103,0.0,0.0803,1,B2,1.0,3.79
cooperative,adjective,,oxford5000,c1,cooperative_1,,B2,cefrj:B2,wordfreq,,,,,,,,,,,,,3.86
coordinate,verb,,oxford5000,c1,coordinate_1,,,,efllex,coordinate,verb,lemma+pos,0.0,0.0,0.0,2.499,0.8152,1.0669,3,B2,1.0,3.82
coordination,noun,,oxford5000,c1,coordination,,,,wordfreq,,,,,,,,,,,,,3.9
coordinator,noun,,oxford5000,c1,coordinator,,,,wordfreq,,,,,,,,,,,,,3.91
copper,noun,,oxford5000,c1,copper,,B2,cefrj:B2,efllex,copper,noun,lemma+pos,0.0,0.0,0.0,0.0,0.8152,0.2268,1,C1,1.0,4.27
copyright,noun,,oxford5000,c1,copyright_1,,B1,cefrj:B1,efllex,copyright,noun,lemma+pos,0.0,0.0,0.0,0.0,1.6303,0.4535,1,C1,1.0,4.24
correction,noun,,oxford5000,c1,correction_1,,B1,cefrj:B1,efllex,correction,noun,lemma+pos,0.0,0.0,0.0,0.0,1.0665,0.0796,1,C1,1.0,3.95
correlate,verb,,oxford5000,c1,correlate_1,C2,,,wordfreq,,,,,,,,,,,,,3.2
correlation,noun,,oxford5000,c1,correlation,C2,,,wordfreq,,,,,,,,,,,,,3.86
correspond,verb,,oxford5000,c1,correspond,,B2,cefrj:B2,efllex,correspond,verb,lemma+pos,0.0,0.0,0.0,0.0,0.6091,0.0803,1,C1,1.0,3.5
correspondence,noun,,oxford5000,c1,correspondence,,B2,cefrj:B2,wordfreq,,,,,,,,,,,,,3.85
correspondent,noun,,oxford5000,c1,correspondent,,B2,cefrj:B2,efllex,correspondent,noun,lemma+pos,0.0,0.0,0.0,0.4103,0.6091,0.1606,2,B2,1.0,3.86
corresponding,adjective,,oxford5000,c1,corresponding,,B2,cefrj:B2,wordfreq,,,,,,,,,,,,,4.13
corrupt,adjective,,oxford5000,c1,corrupt_1,,B2,cefrj:B2,efllex,corrupt,adjective,lemma+pos,0.0,0.0,0.0,0.0,4.6544,0.7357,2,C1,1.0,4.14
corruption,noun,,oxford5000,c1,corruption,,B2,cefrj:B2,wordfreq,,,,,,,,,,,,,4.35
costly,adjective,,oxford5000,c1,costly,,B2,cefrj:B2,efllex,costly,adjective,lemma+pos,0.0,0.0,0.0,0.1311,8.4279,1.6008,4,B2,1.0,3.93
councillor,noun,,oxford5000,c1,councillor,,,,efllex,councillor,noun,lemma+pos,0.0,0.0,0.0,0.1311,0.0,0.0314,1,B2,1.0,3.69
counselling,noun,,oxford5000,c1,counselling,,B1,cefrj:B1,wordfreq,,,,,,,,,,,,,3.45
counsellor,noun,,oxford5000,c1,counsellor,,,,efllex,counsellor,noun,lemma+pos,0.0,0.0,0.0,0.8294,0.0,0.2268,1,B2,1.0,3.32
counter,verb,,oxford5000,c1,counter_2,,B1,cefrj:B1,efllex,counter,noun,lemma,0.0,0.0,0.0,19.644,3.2606,5.5159,8,B2,1.0,4.56
counterpart,noun,,oxford5000,c1,counterpart,,,,efllex,counterpart,noun,lemma+pos,0.0,0.0,0.0,2.9086,0.8152,1.341,3,B2,1.0,3.7
countless,adjective,,oxford5000,c1,countless,,B1,cefrj:B1,efllex,countless,adjective,lemma+pos,0.0,0.0,0.0,0.7308,15.7565,3.6532,6,B2,1.0,3.96
coup,noun,,oxford5000,c1,coup,,,,wordfreq,,,,,,,,,,,,,4.0
courtesy,noun,,oxford5000,c1,courtesy_1,,B2,cefrj:B2,wordfreq,,,,,,,,,,,,,4.13
craft,verb,,oxford5000,c1,craft_2,C1,,,efllex,craft,verb,lemma+pos,0.0,0.0,0.0,0.0,0.8152,0.2268,1,C1,1.0,4.3
crawl,verb,,oxford5000,c1,crawl_1,,B2,cefrj:B2,efllex,crawl,verb,lemma+pos,0.0,0.0,0.0,21.8258,29.8197,12.0318,18,B2,1.0,3.77
creator,noun,,oxford5000,c1,creator,,B1,cefrj:B1,efllex,creator,noun,lemma+pos,0.0,0.0,0.0,4.0004,0.8152,1.222,3,B2,1.0,4.21
credibility,noun,,oxford5000,c1,credibility,C1,,,wordfreq,,,,,,,,,,,,,3.88
credible,adjective,,oxford5000,c1,credible,C1,,,efllex,credible,adjective,lemma+pos,0.0,0.0,0.0,0.0,1.6303,0.4535,1,C1,1.0,3.77
creep,verb,,oxford5000,c1,creep_1,,,,efllex,creep,verb,lemma+pos,0.0,0.0,0.0,0.6749,15.4338,3.632,6,B2,1.0,3.84
critique,noun,,oxford5000,c1,critique_1,,,,efllex,critique,noun,lemma+pos,0.0,0.0,0.0,0.0,0.8152,0.2268,1,C1,1.0,3.83
crude,adjective,,oxford5000,c1,crude_1,C1,,,wordfreq,,,,,,,,,,,,,4.0
crumble,verb,,octanove,,,C1,,,efllex,crumble,verb,lemma+pos,0.0,0.0,0.0,0.0,3.9648,0.6236,2,C1,1.0,3.29
crush,verb,,oxford5000,c1,crush_1,,,,efllex,crush,verb,lemma+pos,0.0,0.0,0.0,0.8294,7.1091,1.7991,4,B2,1.0,4.17
crystal,noun,,oxford5000,c1,crystal,,,,efllex,crystal,noun,lemma+pos,0.0,0.0,0.0,4.1469,0.0,1.1339,1,B2,1.0,4.4
cult,adjective,noun,oxford5000,c1,cult_2,,,,wordfreq,,,,,,,,,,,,,4.09
cultivate,verb,,oxford5000,c1,cultivate,,B1,cefrj:B1,efllex,cultivate,verb,lemma+pos,0.0,0.0,0.0,0.1311,0.0,0.0314,1,B2,1.0,3.42
curiosity,noun,,oxford5000,c1,curiosity,,B1,cefrj:B1,efllex,curiosity,noun,lemma+pos,0.0,0.0,1.3622,8.2243,4.9109,4.352,6,B1,0.906,3.97
custody,noun,,oxford5000,c1,custody,,,,efllex,custody,noun,lemma+pos,0.0,0.0,6.4485,0.0,0.1559,1.2874,3,B1,0.024,4.22
cutting,noun,,oxford5000,c1,cutting_1,,,,wordfreq,,,,,,,,,,,,,4.61
cynical,adjective,,oxford5000,c1,cynical,C1,,,wordfreq,,,,,,,,,,,,,3.59
damaging,adjective,,oxford5000,c1,damaging,,,,efllex,damaging,adjective,lemma+pos,0.0,0.0,0.0,0.0,0.6091,0.0803,1,C1,1.0,3.91
dawn,noun,,oxford5000,c1,dawn_1,,B2,cefrj:B2,efllex,dawn,noun,lemma+pos,0.9027,0.2879,0.0,16.3679,19.2243,14.1666,17,A1,0.968,4.27
daydream,verb,noun,octanove,,,C1,,,efllex,daydream,verb,lemma+pos,0.0,0.0,0.0,2.6198,0.9357,1.5252,3,B2,1.0,2.98
debris,noun,,oxford5000,c1,debris,,B1,cefrj:B1,efllex,debris,noun,lemma+pos,0.0,0.0,0.0,0.0,1.2183,0.1606,2,C1,1.0,3.92
debut,noun,,oxford5000,c1,debut_1,C1,,,wordfreq,,,,,,,,,,,,,4.52
deceit,noun,,octanove,,,C1,,,efllex,deceit,noun,lemma+pos,0.0,0.0,0.0,0.5926,0.0,0.0504,1,B2,1.0,3.24
decision-making,noun,,oxford5000,c1,decision-making,,,,wordfreq,,,,,,,,,,,,,4.96
decisive,adjective,,oxford5000,c1,decisive,,B2,cefrj:B2,efllex,decisive,adjective,lemma+pos,0.0,0.0,1.3622,0.0,0.0,0.0812,1,B1,0.0,3.8
declaration,noun,,oxford5000,c1,declaration,,B1,cefrj:B1,wordfreq,,,,,,,,,,,,,4.1
dedicated,adjective,,oxford5000,c1,dedicated,,,,efllex,dedicated,adjective,lemma+pos,0.0,0.0,0.0,0.1311,0.6091,0.5862,2,B2,1.0,4.58
dedication,noun,,oxford5000,c1,dedication,,B2,cefrj:B2,efllex,dedication,noun,lemma+pos,0.0,0.0,0.0,0.8294,0.0,0.2268,1,B2,1.0,3.96
deed,noun,,oxford5000,c1,deed_2,,B1,cefrj:B1,efllex,deed,noun,lemma+pos,0.0,0.0,0.377,0.0,0.0,0.0122,1,B1,0.0,3.75
deem,verb,,oxford5000,c1,deem,,B2,cefrj:B2,efllex,deem,verb,lemma+pos,0.0,0.0,0.0,0.0,0.8152,0.2268,1,C1,1.0,3.34
default,noun,,oxford5000,c1,default_1,,,,wordfreq,,,,,,,,,,,,,4.29
defect,noun,,oxford5000,c1,defect_1,,,,wordfreq,,,,,,,,,,,,,3.68
defensive,adjective,,oxford5000,c1,defensive_1,,,,efllex,defensive,adjective,lemma+pos,0.0,0.0,1.6375,0.0,0.0,0.2268,1,B1,0.0,4.38
deficiency,noun,,oxford5000,c1,deficiency,,B1,cefrj:B1,wordfreq,,,,,,,,,,,,,3.64
deficit,noun,,oxford5000,c1,deficit,C2,B2,cefrj:B2,efllex,deficit,noun,lemma+pos,0.0,0.0,0.0,0.0,0.6091,0.0803,1,C1,1.0,4.06
defy,verb,,oxford5000,c1,defy,,B2,cefrj:B2,efllex,defy,verb,lemma+pos,0.0,0.0,0.0,0.4103,0.0,0.0803,1,B2,1.0,3.42
delegate,noun,,oxford5000,c1,delegate_1,,B2,cefrj:B2,efllex,delegate,noun,lemma+pos,0.0,0.0,0.0,0.1311,0.1559,0.0629,2,B2,1.0,3.7
delegation,noun,,oxford5000,c1,delegation,,,,wordfreq,,,,,,,,,,,,,3.92
delicate,adjective,,oxford5000,c1,delicate,,B1,cefrj:B1,efllex,delicate,adjective,lemma+pos,0.0,0.0,0.5308,0.8294,42.5773,8.6447,11,B1,0.988,4.01
demographic,adjective,,octanove,,,C1,,,efllex,demographic,adjective,lemma+pos,0.0,0.0,0.0,0.0,0.6091,0.0803,1,C1,1.0,3.92
demon,noun,,oxford5000,c1,demon,,,,wordfreq,,,,,,,,,,,,,4.06
denial,noun,,oxford5000,c1,denial,,,,efllex,denial,noun,lemma+pos,0.0,0.0,0.0,0.8294,0.0,0.2268,1,B2,1.0,3.99
denounce,verb,,oxford5000,c1,denounce,C2,,,wordfreq,,,,,,,,,,,,,3.24
dense,adjective,,oxford5000,c1,dense,,B2,cefrj:B2,wordfreq,,,,,,,,,,,,,3.98
density,noun,,oxford5000,c1,density,,,,efllex,density,noun,lemma+pos,0.0,0.0,0.0,0.1311,0.0,0.0314,1,B2,1.0,4.33
dependence,noun,,oxford5000,c1,dependence,,,,efllex,dependence,noun,lemma+pos,0.0,0.0,0.0,0.0,0.1559,0.0314,1,C1,1.0,3.66
depict,verb,,oxford5000,c1,depict,C1,,,efllex,depict,verb,lemma+pos,0.0,0.0,0.0,0.0,0.8152,0.2268,1,C1,1.0,3.41
deploy,verb,,oxford5000,c1,deploy,,,,efllex,deploy,verb,lemma+pos,0.0,0.0,0.0,0.0,0.6091,0.0803,1,C1,1.0,3.7
deployment,noun,,oxford5000,c1,deployment,,,,wordfreq,,,,,,,,,,,,,3.91
deposit,verb,,oxford5000,c1,deposit_2,,B2,cefrj:B2,efllex,deposit,noun,lemma,0.0,0.2873,0.0,0.0,0.0,0.0121,1,A2,0.0,4.24
deprive,verb,,oxford5000,c1,deprive,,B1,cefrj:B1,wordfreq,,,,,,,,,,,,,3.19
deputy,noun,,oxford5000,c1,deputy,,B2,cefrj:B2,efllex,deputy,noun,lemma+pos,0.0,0.0,0.0,0.0,0.9605,0.0717,1,C1,1.0,4.55
descend,verb,,oxford5000,c1,descend,,B2,cefrj:B2,efllex,descend,verb,lemma+pos,0.0,0.0,1.5923,3.3735,0.9357,1.8598,5,B1,0.73,3.51
descent,noun,,oxford5000,c1,descent,C1,,,efllex,descent,noun,lemma+pos,0.0,0.0,0.0,3.3735,0.0,0.611,2,B2,1.0,3.93
designate,verb,,oxford5000,c1,designate_1,,,,wordfreq,,,,,,,,,,,,,3.37
desirable,adjective,,oxford5000,c1,desirable,,B2,cefrj:B2,efllex,desirable,adjective,lemma+pos,0.0,0.0,1.3622,0.0,0.9357,0.6949,2,B1,0.407,3.85
desktop,noun,,oxford5000,c1,desktop,,B2,cefrj:B2,wordfreq,,,,,,,,,,,,,3.93
destructive,adjective,,oxford5000,c1,destructive,,B1,cefrj:B1,efllex,destructive,adjective,lemma+pos,0.0,0.0,6.4485,0.0,0.1804,1.2192,4,B1,0.027,3.89
detain,verb,,oxford5000,c1,detain,,,,wordfreq,,,,,,,,,,,,,3.21
detection,noun,,oxford5000,c1,detection,,,,wordfreq,,,,,,,,,,,,,4.06
detention,noun,,oxford5000,c1,detention,,,,efllex,detention,noun,lemma+pos,0.0,0.5559,0.0,0.0,0.0,0.0812,1,A2,0.0,3.96
deteriorate,verb,,oxford5000,c1,deteriorate,,,,efllex,deteriorate,verb,lemma+pos,0.0,0.0,0.0,0.4103,0.8152,0.7357,2,B2,1.0,3.15
detest,verb,,octanove,,,C1,,,efllex,detest,verb,lemma+pos,0.0,0.0,0.0,0.0,0.8152,0.2268,1,C1,1.0,2.87
detrimental,adjective,,octanove,,,C1,,,efllex,detrimental,adjective,lemma+pos,0.0,0.0,0.0,0.1311,0.0,0.0314,1,B2,1.0,3.55
devastate,verb,,oxford5000,c1,devastate,,B1,cefrj:B1,efllex,devastate,verb,lemma+pos,0.0,0.0,0.0,0.4103,0.6091,0.1606,2,B2,1.0,2.62
devil,noun,,oxford5000,c1,devil,,B2,cefrj:B2,efllex,devil,noun,lemma+pos,0.0,0.0,0.0,10.2637,7.131,4.5576,7,B2,1.0,4.3
devise,verb,,oxford5000,c1,devise,,,,efllex,devise,verb,lemma+pos,0.0,0.0,0.0,0.0,6.2163,0.8695,3,C1,1.0,3.19
diagnose,verb,,oxford5000,c1,diagnose,,,,wordfreq,,,,,,,,,,,,,3.41
diagnosis,noun,,oxford5000,c1,diagnosis,,,,wordfreq,,,,,,,,,,,,,4.2
dictate,verb,,oxford5000,c1,dictate_1,,,,wordfreq,,,,,,,,,,,,,3.58
dictator,noun,,oxford5000,c1,dictator,,B2,cefrj:B2,wordfreq,,,,,,,,,,,,,3.66
differentiate,verb,,oxford5000,c1,differentiate,,,,efllex,differentiate,verb,lemma+pos,0.0,0.0,0.0,0.0,0.1559,0.0314,1,C1,1.0,3.62
dignity,noun,,oxford5000,c1,dignity,,B2,cefrj:B2,wordfreq,,,,,,,,,,,,,4.02
dilemma,noun,,oxford5000,c1,dilemma,,B2,cefrj:B2,efllex,dilemma,noun,lemma+pos,0.0,0.0,2.7244,0.0,0.6091,0.9942,3,B1,0.183,3.73
dimension,noun,,oxford5000,c1,dimension,,B2,cefrj:B2,wordfreq,,,,,,,,,,,,,4.02
diminish,verb,,oxford5000,c1,diminish,C2,,,wordfreq,,,,,,,,,,,,,3.46
dip,verb,,oxford5000,c1,dip_1,,B2,cefrj:B2,efllex,dip,verb,lemma+pos,0.0,0.0,0.0,0.8294,0.0,0.2268,1,B2,1.0,4.05
diplomat,noun,,oxford5000,c1,diplomat,,B2,cefrj:B2,wordfreq,,,,,,,,,,,,,3.69
diplomatic,adjective,,oxford5000,c1,diplomatic,,,,wordfreq,,,,,,,,,,,,,4.11
directory,noun,,oxford5000,c1,directory,,,,efllex,directory,noun,lemma+pos,0.0,0.0,0.0,0.6749,0.0,0.0574,1,B2,1.0,3.93
disastrous,adjective,,oxford5000,c1,disastrous,,B1,cefrj:B1,wordfreq,,,,,,,,,,,,,3.68
discard,verb,,oxford5000,c1,discard_1,C1,,,wordfreq,,,,,,,,,,,,,3.37
discharge,verb,,oxford5000,c1,discharge_1,,,,efllex,discharge,verb,lemma+pos,0.0,0.0,0.0,0.0,0.8152,0.2268,1,C1,1.0,3.93
disclose,verb,,oxford5000,c1,disclose,,,,wordfreq,,,,,,,,,,,,,3.84
disclosure,noun,,oxford5000,c1,disclosure,,,,wordfreq,,,,,,,,,,,,,4.0
discourse,noun,,oxford5000,c1,discourse_1,C1,,,wordfreq,,,,,,,,,,,,,3.83
discretion,noun,,oxford5000,c1,discretion,,,,wordfreq,,,,,,,,,,,,,3.9
discrimination,noun,,oxford5000,c1,discrimination,,B1,cefrj:B1,efllex,discrimination,noun,lemma+pos,0.0,0.0,0.0,0.0,1.6303,0.4535,2,C1,1.0,4.31
dismal,adjective,,octanove,,,C1,,,efllex,dismal,adjective,lemma+pos,0.0,0.0,0.0,0.0,0.8152,0.2268,1,C1,1.0,3.26
dismay,noun,,octanove,,,C1,,,efllex,dismay,noun,lemma+pos,0.0,0.0,0.0,0.6749,0.0,0.0574,1,B2,1.0,3.26
dismissal,noun,,oxford5000,c1,dismissal,,,,efllex,dismissal,noun,lemma+pos,0.0,0.0,0.0,0.8294,0.0,0.2268,1,B2,1.0,3.72
displace,verb,,oxford5000,c1,displace,,B2,cefrj:B2,efllex,displace,verb,lemma+pos,0.0,0.0,0.0,0.0,0.1559,0.0314,1,C1,1.0,2.97
disposal,noun,,oxford5000,c1,disposal,,B2,cefrj:B2,wordfreq,,,,,,,,,,,,,4.0
dispose,verb,,oxford5000,c1,dispose,,,,wordfreq,,,,,,,,,,,,,3.53
dispute,noun,verb,oxford5000,c1,dispute_1,,B2,cefrj:B2,efllex,dispute,noun,lemma+pos,0.0,0.0,0.0,0.8294,0.6091,0.7357,2,B2,1.0,4.27
disrupt,verb,,oxford5000,c1,disrupt,,B2,cefrj:B2,efllex,disrupt,verb,lemma+pos,0.0,0.0,1.3622,0.1311,0.0,0.5852,2,B1,0.088,3.59
disruption,noun,,oxford5000,c1,disruption,,,,wordfreq,,,,,,,,,,,,,3.71
dissolve,verb,,oxford5000,c1,dissolve,,B1,cefrj:B1,wordfreq,,,,,,,,,,,,,3.49
distinction,noun,,oxford5000,c1,distinction,,B1,cefrj:B1,wordfreq,,,,,,,,,,,,,4.1
distinctive,adjective,,oxford5000,c1,distinctive,,,,efllex,distinctive,adjective,lemma+pos,0.0,0.0,0.0,3.3735,0.0,0.611,2,B2,1.0,4.0
distort,verb,,oxford5000,c1,distort,,,,efllex,distort,verb,lemma+pos,0.0,0.0,0.0,0.0,6.2163,0.8695,3,C1,1.0,3.08
distress,noun,verb,oxford5000,c1,distress_1,,,,efllex,distress,noun,lemma+pos,0.0,0.0,0.0,1.3498,3.1517,1.7454,4,B2,1.0,3.95
disturbing,adjective,,oxford5000,c1,disturbing,,,,efllex,disturbing,adjective,lemma+pos,0.0,0.0,0.0,1.2308,5.0183,2.3156,4,B2,1.0,4.05
divert,verb,,oxford5000,c1,divert,,B2,cefrj:B2,efllex,divert,verb,lemma+pos,0.0,0.0,0.0,0.0,0.1559,0.0314,1,C1,1.0,3.42
divine,adjective,,oxford5000,c1,divine_1,,B1,cefrj:B1,wordfreq,,,,,,,,,,,,,4.24
doctrine,noun,,oxford5000,c1,doctrine,,,,wordfreq,,,,,,,,,,,,,3.98
documentation,noun,,oxford5000,c1,documentation,,,,wordfreq,,,,,,,,,,,,,3.95
domain,noun,,oxford5000,c1,domain,,,,wordfreq,,,,,,,,,,,,,4.31
dominance,noun,,oxford5000,c1,dominance,,,,wordfreq,,,,,,,,,,,,,3.83
donor,noun,,oxford5000,c1,donor,,,,wordfreq,,,,,,,,,,,,,3.92
dose,noun,,oxford5000,c1,dose_1,,B2,cefrj:B2,efllex,dose,noun,lemma+pos,0.0,0.887,0.0,0.0,0.8152,0.4535,2,A2,0.479,4.2
drain,verb,,oxford5000,c1,drain_1,,B2,cefrj:B2,efllex,drain,verb,lemma+pos,0.0,0.0,0.0,0.8294,0.8152,0.4535,2,B2,1.0,4.07
drawback,noun,,octanove,,,C1,,,efllex,drawback,noun,lemma+pos,0.0,0.0,0.0,0.0,0.8152,0.2268,1,C1,1.0,3.21
drift,verb,,oxford5000,c1,drift_1,,,,efllex,drift,verb,lemma+pos,0.0,0.0,0.5308,0.0,0.8152,0.4205,2,B1,0.606,3.82
driving,adjective,,oxford5000,c1,driving_2,,,,efllex,driving,noun,lemma,0.0,3.9949,1.3622,2.5952,0.0,2.747,5,A2,0.326,4.9
drown,verb,,oxford5000,c1,drown,,B1,cefrj:B1,efllex,drown,verb,lemma+pos,0.0,0.0,6.4317,3.9527,16.7579,6.861,8,B1,0.763,3.68
dual,adjective,,oxford5000,c1,dual,,,,wordfreq,,,,,,,,,,,,,4.28
dub,verb,,oxford5000,c1,dub_1,,,,efllex,dub,verb,lemma+pos,0.0,0.0,1.6375,0.0,0.8152,0.4535,2,B1,0.332,3.64
dumb,adjective,,oxford5000,c1,dumb_1,,B2,cefrj:B2,wordfreq,,,,,,,,,,,,,4.54
duo,noun,,oxford5000,c1,duo,,,,wordfreq,,,,,,,,,,,,,4.08
durable,adjective,,octanove,,,C1,,,efllex,durable,adjective,lemma+pos,0.0,0.0,0.0,0.0,0.8152,0.2268,1,C1,1.0,3.68
dynamic,noun,,oxford5000,c1,dynamic_2,,,,efllex,dynamic,adjective,lemma,0.0,0.0,0.0,0.0,3.2606,0.9071,2,C1,1.0,4.31
eager,adjective,,oxford5000,c1,eager,,B1,cefrj:B1,efllex,eager,adjective,lemma+pos,0.0,0.0,0.0,8.9076,23.7375,8.1177,10,B2,1.0,4.03
earnings,noun,,oxford5000,c1,earnings,,B2,cefrj:B2,wordfreq,,,,,,,,,,,,,4.27
ease,noun,verb,oxford5000,c1,ease_1,,B2,cefrj:B2,efllex,ease,noun,lemma+pos,0.0,0.0,1.3622,0.0,18.9861,4.4088,7,B1,0.933,4.34
eccentric,adjective,,octanove,,,C1,,,efllex,eccentric,adjective,lemma+pos,0.0,0.0,0.0,0.3154,0.9605,0.6483,2,B2,1.0,3.58
echo,verb,noun,oxford5000,c1,echo_1,C2,,,efllex,echo,verb,lemma+pos,0.0,0.0,0.0,0.0,0.9086,0.0678,1,C1,1.0,4.04
ecological,adjective,,oxford5000,c1,ecological,,B1,cefrj:B1,efllex,ecological,adjective,lemma+pos,0.0,0.0,0.0,0.0,0.1804,0.045,1,C1,1.0,3.78
educator,noun,,oxford5000,c1,educator,,B2,cefrj:B2,efllex,educator,noun,lemma+pos,0.0,0.0,1.6375,0.0,0.0,0.2268,1,B1,0.0,3.55
effectiveness,noun,,oxford5000,c1,effectiveness,,B2,cefrj:B2,efllex,effectiveness,noun,lemma+pos,0.0,0.0,0.0,0.0,0.6091,0.0803,1,C1,1.0,4.05
efficiency,noun,,oxford5000,c1,efficiency,,B1,cefrj:B1,efllex,efficiency,noun,lemma+pos,0.0,0.0,0.0,0.6749,3.3177,1.3923,3,B2,1.0,4.38
ego,noun,,oxford5000,c1,ego,C1,,,wordfreq,,,,,,,,,,,,,4.02
elaborate,adjective,,oxford5000,c1,elaborate_1,C1,,,efllex,elaborate,adjective,lemma+pos,0.0,0.0,0.0,0.0,0.1804,0.045,1,C1,1.0,4.06
electoral,adjective,,oxford5000,c1,electoral,,,,wordfreq,,,,,,,,,,,,,4.12
elevate,verb,,oxford5000,c1,elevate,C1,,,efllex,elevate,verb,lemma+pos,0.0,0.0,0.0,0.0,0.6091,0.0803,1,C1,1.0,3.38
elevation,noun,,octanove,,,C1,,,efllex,elevation,noun,lemma+pos,0.0,0.0,0.0,0.0,0.8152,0.2268,1,C1,1.0,3.9
eligible,adjective,,oxford5000,c1,eligible,,B2,cefrj:B2,efllex,eligible,adjective,lemma+pos,0.0,0.0,0.296,0.1311,0.8152,0.5693,3,B1,0.762,4.29
elite,noun,,oxford5000,c1,elite_2,,B2,cefrj:B2,efllex,elite,noun,lemma+pos,0.0,0.0,0.0,0.0,1.6303,0.4535,2,C1,1.0,4.4
elusive,adjective,,octanove,,,C1,,,efllex,elusive,adjective,lemma+pos,0.0,0.0,0.0,0.0,3.9147,0.7996,2,C1,1.0,3.47
embark,verb,,oxford5000,c1,embark,C1,,,efllex,embark,verb,lemma+pos,0.0,0.0,0.0,0.0,0.8152,0.2268,1,C1,1.0,3.4
embarrassment,noun,,oxford5000,c1,embarrassment,,B1,cefrj:B1,efllex,embarrassment,noun,lemma+pos,0.0,0.0,0.0,10.4363,0.9086,2.9374,5,B2,1.0,3.77
embassy,noun,,oxford5000,c1,embassy,,B2,cefrj:B2,efllex,embassy,noun,lemma+pos,0.0,0.0,1.6375,0.0,0.0,0.2268,1,B1,0.0,4.13
embed,verb,,oxford5000,c1,embed,C2,,,efllex,embed,verb,lemma+pos,0.0,0.0,0.0,0.0,0.8152,0.2268,1,C1,1.0,2.94
embody,verb,,oxford5000,c1,embody,C2,,,efllex,embody,verb,lemma+pos,0.0,0.0,0.0,0.0,0.8152,0.2268,1,C1,1.0,3.17
emergence,noun,,oxford5000,c1,emergence,,B2,cefrj:B2,efllex,emergence,noun,lemma+pos,0.0,0.0,0.0,0.0,0.6091,0.0803,1,C1,1.0,3.74
empirical,adjective,,oxford5000,c1,empirical,,,,wordfreq,,,,,,,,,,,,,3.62
empower,verb,,oxford5000,c1,empower,,,,efllex,empower,verb,lemma+pos,0.0,0.0,0.0,0.8294,0.0,0.2268,1,B2,1.0,3.51
enact,verb,,oxford5000,c1,enact,,,,wordfreq,,,,,,,,,,,,,3.43
encompass,verb,,oxford5000,c1,encompass,C2,,,wordfreq,,,,,,,,,,,,,3.27
encouragement,noun,,oxford5000,c1,encouragement,,B1,cefrj:B1,efllex,encouragement,noun,lemma+pos,0.0,0.0,0.0,0.6749,0.0,0.0574,1,B2,1.0,3.79
encouraging,adjective,,oxford5000,c1,encouraging,,B1,cefrj:B1,efllex,encouraging,adjective,lemma+pos,0.0,0.0,0.0,3.6099,0.6091,1.0219,3,B2,1.0,4.14
endeavour,noun,,oxford5000,c1,endeavour_1,,B2,cefrj:B2,efllex,endeavor,noun,lemma+pos,0.0,0.0,0.0,0.0,0.6091,0.0803,1,C1,1.0,3.45
endless,adjective,,oxford5000,c1,endless,,B1,cefrj:B1,efllex,endless,adjective,lemma+pos,0.0,0.0,2.1495,0.0,31.836,5.6852,9,B1,0.937,4.18
endorse,verb,,oxford5000,c1,endorse,,B2,cefrj:B2,efllex,endorse,verb,lemma+pos,0.0,0.0,0.0,0.0,0.8152,0.2268,1,C1,1.0,3.63
endorsement,noun,,oxford5000,c1,endorsement,C1,,,wordfreq,,,,,,,,,,,,,3.75
endure,verb,,oxford5000,c1,endure,,B1,cefrj:B1,efllex,endure,verb,lemma+pos,0.0,0.0,0.0,0.0,0.6091,0.0803,1,C1,1.0,3.82
enforce,verb,,oxford5000,c1,enforce,,B2,cefrj:B2,efllex,enforce,verb,lemma+pos,0.0,0.0,1.3622,0.0,0.6091,0.7057,2,B1,0.309,3.96
enforcement,noun,,oxford5000,c1,enforcement,,,,wordfreq,,,,,,,,,,,,,4.45
engagement,noun,,oxford5000,c1,engagement,,B2,cefrj:B2,efllex,engagement,noun,lemma+pos,0.0,0.3248,0.0,1.3049,1.0665,1.6048,4,A2,0.88,4.31
engaging,adjective,,oxford5000,c1,engaging,,,,wordfreq,,,,,,,,,,,,,4.13
engineer,verb,,octanove,,,C1,,,efllex,engineer,verb,lemma+pos,0.0,0.0,0.0,0.0,1.2183,0.1606,2,C1,1.0,4.5
enormously,adverb,,octanove,,,C1,,,efllex,enormously,adverb,lemma+pos,0.0,0.0,2.1495,14.0409,7.3068,7.5619,9,B1,0.909,3.39
enquire,verb,,oxford5000,c1,enquire,,B2,cefrj:B2,efllex,enquire,verb,lemma+pos,0.0,0.0,0.0,4.0091,7.4249,2.9336,5,B2,1.0,2.91
enrich,verb,,oxford5000,c1,enrich,,B1,cefrj:B1,efllex,enrich,verb,lemma+pos,0.0,0.0,0.0,0.4103,0.8152,0.7357,2,B2,1.0,3.3
enrol,verb,,oxford5000,c1,enrol,,B2,cefrj:B2,efllex,enrol,verb,lemma+pos,0.0,0.0,0.296,0.1311,0.0,0.0629,2,B1,0.307,2.67
ensue,verb,,oxford5000,c1,ensue,,,,wordfreq,,,,,,,,,,,,,2.91
enterprise,noun,,oxford5000,c1,enterprise,,B2,cefrj:B2,efllex,enterprise,noun,lemma+pos,0.0,0.0,0.0,0.0,0.6091,0.0803,1,C1,1.0,4.38
enterprising,adjective,,octanove,,,C1,,,efllex,enterprising,adjective,lemma+pos,0.0,0.0,0.0,0.0,0.6091,0.0803,1,C1,1.0,2.95
enthusiast,noun,,oxford5000,c1,enthusiast,,B1,cefrj:B1,efllex,enthusiast,noun,lemma+pos,0.0,0.0,0.0,0.0,0.6091,0.0803,1,C1,1.0,3.46
entitle,verb,,oxford5000,c1,entitle,,B2,cefrj:B2,efllex,entitle,verb,lemma+pos,0.0,0.0,0.296,1.6588,1.6303,2.1233,5,B1,0.917,2.71
entity,noun,,oxford5000,c1,entity,,,,wordfreq,,,,,,,,,,,,,4.12
epidemic,noun,,oxford5000,c1,epidemic_1,,,,efllex,epidemic,noun,lemma+pos,0.0,0.0,0.296,0.0,0.0,0.0314,1,B1,0.0,3.8
equality,noun,,oxford5000,c1,equality,,B1,cefrj:B1,efllex,equality,noun,lemma+pos,0.0,0.0,0.0,1.1852,0.0,0.1007,1,B2,1.0,4.26
equation,noun,,oxford5000,c1,equation,,B2,cefrj:B2,wordfreq,,,,,,,,,,,,,4.02
erect,verb,,oxford5000,c1,erect_1,,,,efllex,erect,verb,lemma+pos,0.0,0.0,0.0,2.4881,0.6091,1.7665,4,B2,1.0,3.52
escalate,verb,,oxford5000,c1,escalate,,,,efllex,escalate,verb,lemma+pos,0.0,0.0,0.0,0.0,4.6544,0.7357,2,C1,1.0,3.35
essence,noun,,oxford5000,c1,essence,,B1,cefrj:B1,efllex,essence,noun,lemma+pos,0.0,0.0,0.0,0.0,0.8152,0.2268,1,C1,1.0,4.03
establishment,noun,,oxford5000,c1,establishment,,B1,cefrj:B1,efllex,establishment,noun,lemma+pos,0.0,0.0,0.0,0.1311,0.8152,0.5394,2,B2,1.0,4.42
eternal,adjective,,oxford5000,c1,eternal,,B1,cefrj:B1,efllex,eternal,adjective,lemma+pos,0.0,0.0,0.0,0.6308,0.8152,0.668,2,B2,1.0,4.11
evacuate,verb,,oxford5000,c1,evacuate,,B2,cefrj:B2,wordfreq,,,,,,,,,,,,,3.53
evoke,verb,,oxford5000,c1,evoke,C1,,,efllex,evoke,verb,lemma+pos,0.0,0.0,0.0,0.0,0.8152,0.2268,1,C1,1.0,3.27
evolutionary,adjective,,oxford5000,c1,evolutionary,,,,efllex,evolutionary,adjective,lemma+pos,0.0,0.0,0.0,0.0,0.6091,0.0803,1,C1,1.0,3.82
exaggerate,verb,,oxford5000,c1,exaggerate,,,,efllex,exaggerate,verb,lemma+pos,0.0,0.0,0.0,5.4989,0.6091,1.8334,4,B2,1.0,3.19
excellence,noun,,oxford5000,c1,excellence,,B1,cefrj:B1,wordfreq,,,,,,,,,,,,,4.07
exceptional,adjective,,oxford5000,c1,exceptional,,B2,cefrj:B2,efllex,exceptional,adjective,lemma+pos,0.0,0.0,0.5308,0.0,0.0,0.0151,1,B1,0.0,4.05
excess,noun,adjective,oxford5000,c1,excess_1,,B1,cefrj:B1,efllex,excess,noun,lemma+pos,0.0,0.0,0.0,0.0,0.9357,0.0698,1,C1,1.0,4.21
exclusion,noun,,oxford5000,c1,exclusion,,B2,cefrj:B2,wordfreq,,,,,,,,,,,,,3.68
exclusive,adjective,,oxford5000,c1,exclusive_1,,B1,cefrj:B1,efllex,exclusive,adjective,lemma+pos,0.0,0.0,0.0,0.0,0.8152,0.2268,1,C1,1.0,4.56
exclusively,adverb,,oxford5000,c1,exclusively,,B2,cefrj:B2,efllex,exclusively,adverb,lemma+pos,0.0,0.0,0.0,0.0,0.8152,0.2268,1,C1,1.0,4.24
execute,verb,,oxford5000,c1,execute,,B2,cefrj:B2,efllex,execute,verb,lemma+pos,0.0,0.2873,0.1675,1.3498,0.8152,2.4733,5,A2,0.826,3.95
execution,noun,,oxford5000,c1,execution,,B2,cefrj:B2,wordfreq,,,,,,,,,,,,,4.29
exert,verb,,oxford5000,c1,exert,C1,,,wordfreq,,,,,,,,,,,,,3.36
exhaust,verb,,octanove,,,C1,,,efllex,exhaust,verb,lemma+pos,2.4671,0.0,0.0,7.9086,0.9086,3.4626,6,A1,0.781,3.81
exile,noun,,oxford5000,c1,exile_1,,B2,cefrj:B2,wordfreq,,,,,,,,,,,,,3.84
exit,verb,,oxford5000,c1,exit_2,,B1,cefrj:B1,efllex,exit,noun,lemma,0.0,0.5758,5.2445,0.3154,11.4816,5.0778,7,A2,0.67,4.35
expenditure,noun,,oxford5000,c1,expenditure,,,,wordfreq,,,,,,,,,,,,,3.74
experimental,adjective,,oxford5000,c1,experimental,,,,wordfreq,,,,,,,,,,,,,4.28
expire,verb,,oxford5000,c1,expire,C1,,,wordfreq,,,,,,,,,,,,,3.54
explicit,adjective,,oxford5000,c1,explicit,,,,efllex,explicit,adjective,lemma+pos,0.0,0.0,0.0,0.1311,0.0,0.0314,1,B2,1.0,3.96
explicitly,adverb,,oxford5000,c1,explicitly,,,,wordfreq,,,,,,,,,,,,,3.96
exploitation,noun,,oxford5000,c1,exploitation,C1,,,wordfreq,,,,,,,,,,,,,3.84
explosive,adjective,noun,oxford5000,c1,explosive_1,,B2,cefrj:B2,efllex,explosive,adjective,lemma+pos,0.0,0.0,0.0,0.7308,0.0,0.0621,1,B2,1.0,3.97
exterior,noun,,octanove,,,C1,,,efllex,exterior,noun,lemma+pos,0.0,0.0,0.0,0.0,0.8152,0.2268,1,C1,1.0,3.91
extract,verb,,oxford5000,c1,extract_2,,B2,cefrj:B2,efllex,extract,verb,lemma+pos,0.0,0.0,0.0,0.8294,11.5583,2.6348,5,B2,1.0,4.02
extremist,noun,,oxford5000,c1,extremist_1,,,,wordfreq,,,,,,,,,,,,,3.46
facial,adjective,,octanove,,,C1,,,efllex,facial,adjective,lemma+pos,0.0,0.0,0.0,0.8294,0.0,0.2268,1,B2,1.0,4.1
facilitate,verb,,oxford5000,c1,facilitate,,B2,cefrj:B2,wordfreq,,,,,,,,,,,,,3.99
faction,noun,,oxford5000,c1,faction,C1,,,wordfreq,,,,,,,,,,,,,3.79
faculty,noun,,oxford5000,c1,faculty,,B2,cefrj:B2,efllex,faculty,noun,lemma+pos,0.0,0.0,0.0,0.1311,0.0,0.0314,1,B2,1.0,4.32
fade,verb,,oxford5000,c1,fade,,B1,cefrj:B1,efllex,fade,verb,lemma+pos,0.0,0.0,0.0,1.3498,7.1753,2.3544,5,B2,1.0,3.86
fairness,noun,,oxford5000,c1,fairness,,,,wordfreq,,,,,,,,,,,,,3.77
fatal,adjective,,oxford5000,c1,fatal,,B2,cefrj:B2,efllex,fatal,adjective,lemma+pos,0.0,0.0,0.0,6.6616,3.3326,2.7045,6,B2,1.0,4.1
fatality,noun,,octanove,,,C1,,,efllex,fatality,noun,lemma+pos,0.0,0.0,0.0,0.0,1.6303,0.4535,2,C1,1.0,3.16
fate,noun,,oxford5000,c1,fate,,B2,cefrj:B2,efllex,fate,noun,lemma+pos,0.0,0.0,7.4841,3.619,3.9171,4.4482,8,B1,0.502,4.36
fatigue,noun,,octanove,,,C1,,,efllex,fatigue,noun,lemma+pos,0.0,0.0,0.0,0.8294,1.6303,0.6803,3,B2,1.0,3.86
favourable,adjective,,oxford5000,c1,favourable,,B1,cefrj:B1,efllex,favourable,adjective,lemma+pos,0.0,0.0,0.296,0.0,1.0665,0.587,2,B1,0.783,3.53
feat,noun,,oxford5000,c1,feat,,B2,cefrj:B2,efllex,feat,noun,lemma+pos,0.0,0.0,0.0,0.0,1.8274,0.241,3,C1,1.0,3.99
feminist,adjective,noun,oxford5000,c1,feminist_1,,,,wordfreq,,,,,,,,,,,,,4.12
ferocious,adjective,,octanove,,,C1,,,efllex,ferocious,adjective,lemma+pos,0.0,0.0,0.0,0.0,0.8152,0.2268,1,C1,1.0,3.21
fibre,noun,,oxford5000,c1,fibre,,B2,cefrj:B2,wordfreq,,,,,,,,,,,,,3.67
fiddle,verb,,octanove,,,C1,,,efllex,fiddle,verb,lemma+pos,0.0,0.0,0.0,0.8294,0.0,0.2268,1,B2,1.0,3.43
fierce,adjective,,oxford5000,c1,fierce,,B2,cefrj:B2,efllex,fierce,adjective,lemma+pos,0.0,0.0,0.5308,5.483,30.2305,9.599,14,B1,0.985,3.92
film-maker,noun,,oxford5000,c1,film-maker,,B1,cefrj:B1,efllex,film-maker,noun,lemma+pos,0.0,0.887,0.0,0.0,0.7795,0.6796,3,A2,0.468,4.18
filter,verb,noun,oxford5000,c1,filter_2,,,,efllex,filter,verb,lemma+pos,0.0,0.0,0.0,0.8294,0.0,0.2268,1,B2,1.0,4.28
firearm,noun,,oxford5000,c1,firearm,,B2,cefrj:B2,wordfreq,,,,,,,,,,,,,3.69
fixture,noun,,oxford5000,c1,fixture,C1,,,wordfreq,,,,,,,,,,,,,3.67
flaw,noun,,oxford5000,c1,flaw,,B2,cefrj:B2,efllex,flaw,noun,lemma+pos,0.0,0.0,0.0,0.1012,0.8152,0.7381,2,B2,1.0,3.6
flawed,adjective,,oxford5000,c1,flawed,,,,wordfreq,,,,,,,,,,,,,3.72
flee,verb,,oxford5000,c1,flee,,B2,cefrj:B2,efllex,flee,verb,lemma+pos,0.0,0.0,0.0,0.0,0.3118,0.0629,2,C1,1.0,3.81
fleet,noun,,oxford5000,c1,fleet_1,,B2,cefrj:B2,efllex,fleet,noun,lemma+pos,0.0,0.0,0.0,0.0,0.6091,0.0803,1,C1,1.0,4.33
flesh,noun,,oxford5000,c1,flesh_1,,B2,cefrj:B2,efllex,flesh,noun,lemma+pos,0.0,0.0,0.5308,14.0706,32.9957,13.9314,12,B1,0.989,4.2
flexibility,noun,,oxford5000,c1,flexibility,,B2,cefrj:B2,efllex,flexibility,noun,lemma+pos,0.0,0.0,1.3622,0.0,0.0,0.0812,1,B1,0.0,4.02
flick,verb,,octanove,,,C1,,,efllex,flick,verb,lemma+pos,0.0,0.7654,0.0,0.1311,0.0,0.5676,2,A2,0.146,3.63
flourish,verb,,oxford5000,c1,flourish_1,C1,,,wordfreq,,,,,,,,,,,,,3.53
fluid,noun,,oxford5000,c1,fluid_1,,,,efllex,fluid,noun,lemma+pos,0.0,0.0,0.0,0.0,0.1559,0.0314,1,C1,1.0,4.22
footage,noun,,oxford5000,c1,footage,,,,wordfreq,,,,,,,,,,,,,4.31
forensic,adjective,,octanove,,,C1,,,efllex,forensic,adjective,lemma+pos,0.0,0.0,0.0,0.0,0.6091,0.0803,1,C1,1.0,3.75
forge,verb,,oxford5000,c1,forge_1,,,,efllex,forge,verb,lemma+pos,0.0,0.0,0.0,0.6749,13.6897,3.3588,6,B2,1.0,3.78
formula,noun,,oxford5000,c1,formula,,B1,cefrj:B1,efllex,formula,noun,lemma+pos,0.0,0.0,0.0,11.6355,0.8152,3.2134,5,B2,1.0,4.45
formulate,verb,,oxford5000,c1,formulate,C1,,,wordfreq,,,,,,,,,,,,,3.23
forth,adverb,,oxford5000,c1,forth_1,,B1,cefrj:B1,efllex,forth,adverb,lemma+pos,0.0,0.3248,0.377,2.6782,0.6091,2.8535,5,A2,0.824,4.4
forthcoming,adjective,,oxford5000,c1,forthcoming,,B2,cefrj:B2,wordfreq,,,,,,,,,,,,,3.75
foster,verb,,oxford5000,c1,foster_1,,,,efllex,foster,verb,lemma+pos,0.0,0.0,0.0,0.0,0.1559,0.0314,1,C1,1.0,4.33
fragile,adjective,,oxford5000,c1,fragile,,,,efllex,fragile,adjective,lemma+pos,0.0,0.0,0.0,2.9086,0.8152,1.341,3,B2,1.0,3.86
franchise,noun,,oxford5000,c1,franchise_1,,,,efllex,franchise,noun,lemma+pos,0.0,0.0,0.0,1.7778,0.0,0.1511,2,B2,1.0,4.29
frankly,adverb,,oxford5000,c1,frankly,,B2,cefrj:B2,efllex,frankly,adverb,lemma+pos,0.0,0.0,0.0,7.4728,1.0665,2.373,4,B2,1.0,4.05
frustrated,adjective,,oxford5000,c1,frustrated,,B1,cefrj:B1,efllex,frustrated,adjective,lemma+pos,0.0,0.0,6.5513,0.1012,0.0,0.8763,3,B1,0.015,4.08
frustrating,adjective,,oxford5000,c1,frustrating,,,,efllex,frustrating,adjective,lemma+pos,0.0,0.0,8.371,4.9047,0.8152,3.7598,6,B1,0.406,3.97
frustration,noun,,oxford5000,c1,frustration,,B1,cefrj:B1,efllex,frustration,noun,lemma+pos,0.0,0.0,0.0,0.8294,0.0,0.2268,1,B2,1.0,3.97
functional,adjective,,oxford5000,c1,functional,,B2,cefrj:B2,efllex,functional,adjective,lemma+pos,0.0,0.0,0.0,0.0,0.6091,0.0803,1,C1,1.0,4.24
fundraising,noun,,oxford5000,c1,fundraising,,,,wordfreq,,,,,,,,,,,,,3.81
funeral,noun,,oxford5000,c1,funeral,,B1,cefrj:B1,efllex,funeral,noun,lemma+pos,6.469,0.0,0.377,15.071,29.5805,11.0874,13,A1,0.867,4.37
fuse,verb,,octanove,,,C1,,,efllex,fuse,verb,lemma+pos,0.0,0.0,0.0,2.6916,0.0,0.2288,3,B2,1.0,3.62
gadget,noun,,octanove,,,C1,,,efllex,gadget,noun,lemma+pos,0.0,0.0,3.2749,14.7887,11.1824,10.5031,12,B1,0.888,3.45
gambling,noun,,oxford5000,c1,gambling,,B2,cefrj:B2,efllex,gambling,noun,lemma+pos,0.0,0.0,0.0,0.0,0.9357,0.0698,1,C1,1.0,4.08
gathering,noun,,oxford5000,c1,gathering,,,,efllex,gathering,noun,lemma+pos,0.0,0.0,0.0,3.3735,12.4135,4.1551,6,B2,1.0,4.25
gaze,verb,noun,oxford5000,c1,gaze_1,,,,efllex,gaze,verb,lemma+pos,0.0,0.0,0.0,2.5478,24.6629,6.2128,16,B2,1.0,3.7
gear,noun,,oxford5000,c1,gear_1,,B2,cefrj:B2,efllex,gear,noun,lemma+pos,0.0,0.0,0.0,0.0,0.1559,0.0314,1,C1,1.0,4.46
gem,noun,,octanove,,,C1,,,efllex,gem,noun,lemma+pos,0.0,0.0,0.0,1.6588,0.0,0.4535,1,B2,1.0,3.87
generic,adjective,,oxford5000,c1,generic_1,,,,efllex,generic,adjective,lemma+pos,0.0,0.0,0.0,0.0,0.8152,0.2268,1,C1,1.0,4.11
glance,verb,noun,oxford5000,c1,glance_1,,B1,cefrj:B1,efllex,glance,verb,lemma+pos,0.0,0.0,0.0,13.568,22.3015,8.6845,13,B2,1.0,3.91
glimpse,noun,,oxford5000,c1,glimpse_1,,B1,cefrj:B1,efllex,glimpse,noun,lemma+pos,0.0,0.0,0.0,0.0,0.1559,0.0314,1,C1,1.0,3.81
glorious,adjective,,oxford5000,c1,glorious,,B1,cefrj:B1,wordfreq,,,,,,,,,,,,,4.08
glory,noun,,oxford5000,c1,glory_1,,B1,cefrj:B1,efllex,glory,noun,lemma+pos,0.0,0.0,0.0,0.0,7.1694,0.8158,2,C1,1.0,4.36
governance,noun,,oxford5000,c1,governance,,,,wordfreq,,,,,,,,,,,,,4.09
grasp,verb,noun,oxford5000,c1,grasp_1,,,,efllex,grasp,verb,lemma+pos,0.0,0.0,1.3622,0.0,0.9086,0.6923,2,B1,0.4,3.97
gravity,noun,,oxford5000,c1,gravity,,,,efllex,gravity,noun,lemma+pos,2.3682,0.0,0.0,0.7308,0.0,0.5713,2,A1,0.236,4.21
grid,noun,,oxford5000,c1,grid,,,,efllex,grid,noun,lemma+pos,0.0,2.6611,0.0,0.0,6.9854,2.6257,3,A2,0.724,4.18
grief,noun,,oxford5000,c1,grief,,B2,cefrj:B2,efllex,grief,noun,lemma+pos,0.0,0.0,1.3622,0.0,33.8119,6.2451,10,B1,0.961,4.08
grin,verb,noun,oxford5000,c1,grin_1,,,,efllex,grin,verb,lemma+pos,0.0,0.0,0.0,1.3498,0.9357,0.9042,3,B2,1.0,3.59
grind,verb,,oxford5000,c1,grind_1,,,,wordfreq,,,,,,,,,,,,,3.94
grip,verb,noun,oxford5000,c1,grip_2,,B2,cefrj:B2,efllex,grip,verb,lemma+pos,0.0,0.0,0.0,0.0,3.6342,0.2711,4,C1,1.0,4.11
gross,adjective,,oxford5000,c1,gross_1,,B2,cefrj:B2,efllex,gross,adjective,lemma+pos,0.0,0.0,0.0,0.4103,0.0,0.0803,1,B2,1.0,4.45
gruelling,adjective,,octanove,,,C1,,,efllex,gruelling,adjective,lemma+pos,0.0,0.0,0.0,0.8294,0.0,0.2268,1,B2,1.0,2.51
gruesome,adjective,,octanove,,,C1,,,efllex,gruesome,adjective,lemma+pos,0.0,0.0,0.0,0.0,0.8152,0.2268,1,C1,1.0,3.27
grumble,verb,,octanove,,,"C1,C2",,,efllex,grumble,verb,lemma+pos,0.0,0.0,1.3622,0.8294,0.0,0.7381,2,B1,0.378,2.8
guerrilla,noun,,oxford5000,c1,guerrilla_1,,B2,cefrj:B2,wordfreq,,,,,,,,,,,,,3.38
guidance,noun,,oxford5000,c1,guidance,,B1,cefrj:B1,efllex,guidance,noun,lemma+pos,0.0,0.0,0.0,0.4103,0.9605,0.6966,2,B2,1.0,4.33
guilt,noun,,oxford5000,c1,guilt_1,,B1,cefrj:B1,efllex,guilt,noun,lemma+pos,0.0,0.0,0.0,5.5447,26.9443,7.2077,10,B2,1.0,4.13
gut,noun,,oxford5000,c1,gut_1,,,,wordfreq,,,,,,,,,,,,,4.02
hack,verb,,octanove,,,C1,,,efllex,hack,verb,lemma+pos,0.0,0.0,1.6375,1.6588,0.0,0.6803,3,B1,0.503,4.05
hail,verb,,oxford5000,c1,hail_1,,B2,cefrj:B2,efllex,hail,noun,lemma,0.0,0.0,3.2749,0.0,0.0,0.4535,2,B1,0.0,3.92
halfway,adverb,,oxford5000,c1,halfway_2,,,,efllex,halfway,adverb,lemma+pos,3.4417,0.0,2.5892,29.0228,13.0461,12.4833,13,A1,0.875,4.06
halt,verb,noun,oxford5000,c1,halt_1,,,,efllex,halt,verb,lemma+pos,0.0,0.0,1.3622,0.0,0.6091,0.7057,2,B1,0.309,3.93
handful,noun,,oxford5000,c1,handful,,,,efllex,handful,noun,lemma+pos,0.0,0.0,0.0,7.5497,23.1284,7.1214,8,B2,1.0,4.11
handling,noun,,oxford5000,c1,handling,,,,efllex,handling,noun,lemma+pos,0.0,0.0,0.0,0.6749,0.0,0.0574,1,B2,1.0,4.39
handy,adjective,,oxford5000,c1,handy,,B1,cefrj:B1,efllex,handy,adjective,lemma+pos,0.0,0.0,1.3622,0.0,0.0,0.0812,1,B1,0.0,3.97
harassment,noun,,oxford5000,c1,harassment,C1,,,wordfreq,,,,,,,,,,,,,4.01
hardware,noun,,oxford5000,c1,hardware,,B2,cefrj:B2,wordfreq,,,,,,,,,,,,,4.3
harsh,adjective,,oxford5000,c1,harsh,,,,efllex,harsh,adjective,lemma+pos,0.0,0.0,0.0,0.0,1.2183,0.1606,2,C1,1.0,4.14
harvest,verb,,oxford5000,c1,harvest_2,C1,,,efllex,harvest,verb,lemma+pos,0.0,0.0,0.0,0.4103,4.9109,1.5187,3,B2,1.0,4.03
hatred,noun,,oxford5000,c1,hatred,,B1,cefrj:B1,efllex,hatred,noun,lemma+pos,0.0,0.0,0.0,0.5926,45.8282,8.4188,11,B2,1.0,4.05
haunt,verb,,oxford5000,c1,haunt_1,,B2,cefrj:B2,efllex,haunt,verb,lemma+pos,0.0,0.0,0.0,0.0,0.8152,0.2268,1,C1,1.0,3.54
hazard,noun,,oxford5000,c1,hazard_1,,B1,cefrj:B1,wordfreq,,,,,,,,,,,,,3.98
heighten,verb,,oxford5000,c1,heighten,C1,,,wordfreq,,,,,,,,,,,,,2.84
heritage,noun,,oxford5000,c1,heritage,,B2,cefrj:B2,efllex,heritage,noun,lemma+pos,0.0,0.0,0.0,0.0,3.3326,0.611,2,C1,1.0,4.36
hierarchy,noun,,oxford5000,c1,hierarchy,,,,efllex,hierarchy,noun,lemma+pos,0.0,0.0,0.0,0.8294,0.0,0.2268,1,B2,1.0,3.78
high-profile,adjective,,oxford5000,c1,high-profile,,,,wordfreq,,,,,,,,,,,,,4.77
hint,noun,verb,oxford5000,c1,hint_1,,B2,cefrj:B2,efllex,hint,noun,lemma+pos,0.0,0.0,0.0,0.0,0.9605,0.0717,1,C1,1.0,4.07
homeland,noun,,oxford5000,c1,homeland,,,,wordfreq,,,,,,,,,,,,,3.95
hook,verb,,oxford5000,c1,hook_2,,B2,cefrj:B2,efllex,hook,verb,lemma+pos,0.0,0.0,0.0,2.499,0.0,0.5394,2,B2,1.0,4.37
hopeful,adjective,,oxford5000,c1,hopeful_1,,B1,cefrj:B1,efllex,hopeful,adjective,lemma+pos,0.0,0.2879,10.7474,0.1486,9.3664,6.6866,10,A2,0.463,3.79
horizon,noun,,oxford5000,c1,horizon_1,,B1,cefrj:B1,efllex,horizon,noun,lemma+pos,0.0,0.0,0.0,0.0,5.0999,0.6962,2,C1,1.0,4.07
horn,noun,,oxford5000,c1,horn_1,,B1,cefrj:B1,efllex,horn,noun,lemma+pos,0.0,12.0447,7.2196,0.0,0.0,4.6019,7,A2,0.0,4.14
hostage,noun,,oxford5000,c1,hostage,,,,wordfreq,,,,,,,,,,,,,3.9
hostile,adjective,,oxford5000,c1,hostile,C1,,,wordfreq,,,,,,,,,,,,,4.07
hostility,noun,,oxford5000,c1,hostility,C1,,,efllex,hostility,noun,lemma+pos,0.0,0.0,0.0,0.0,0.8152,0.2268,1,C1,1.0,3.61
humanitarian,adjective,,oxford5000,c1,humanitarian_1,,,,efllex,humanitarian,adjective,lemma+pos,0.0,0.0,0.0,0.4103,0.0,0.0803,1,B2,1.0,3.91
humanity,noun,,oxford5000,c1,humanity,,B1,cefrj:B1,efllex,humanity,noun,lemma+pos,0.0,0.0,0.296,0.0,8.8874,1.6026,4,B1,0.968,4.32
humble,adjective,,oxford5000,c1,humble_1,C1,B2,cefrj:B2,efllex,humble,adjective,lemma+pos,0.0,0.5559,0.0,0.8294,7.9507,3.4243,5,A2,0.94,4.11
hydrogen,noun,,oxford5000,c1,hydrogen,,,,efllex,hydrogen,noun,lemma+pos,0.0,0.0,0.0,0.0,4.6544,0.7357,2,C1,1.0,3.98
hypocritical,adjective,,octanove,,,C1,,,efllex,hypocritical,adjective,lemma+pos,0.0,0.0,0.0,0.0,0.1804,0.045,1,C1,1.0,3.31
identification,noun,,oxford5000,c1,identification,,B2,cefrj:B2,wordfreq,,,,,,,,,,,,,4.18
ideological,adjective,,oxford5000,c1,ideological,,,,efllex,ideological,adjective,lemma+pos,0.0,0.0,0.0,0.0,0.8152,0.2268,1,C1,1.0,3.77
ideology,noun,,oxford5000,c1,ideology,,B2,cefrj:B2,wordfreq,,,,,,,,,,,,,4.02
idiot,noun,,oxford5000,c1,idiot,,B2,cefrj:B2,efllex,idiot,noun,lemma+pos,0.0,0.2879,0.0,0.6749,0.0,0.424,2,A2,0.701,4.39
ignorance,noun,,oxford5000,c1,ignorance,,B2,cefrj:B2,efllex,ignorance,noun,lemma+pos,0.0,0.0,0.0,0.0,1.0665,0.0796,1,C1,1.0,4.04
imagery,noun,,oxford5000,c1,imagery,,B2,cefrj:B2,efllex,imagery,noun,lemma+pos,0.0,0.0,0.0,6.0053,0.0,1.3398,3,B2,1.0,3.83
immense,adjective,,oxford5000,c1,immense,C1,,,wordfreq,,,,,,,,,,,,,3.88
imminent,adjective,,oxford5000,c1,imminent,,,,efllex,imminent,adjective,lemma+pos,0.0,0.0,0.0,0.0,4.6544,0.7357,2,C1,1.0,3.67
implementation,noun,,oxford5000,c1,implementation,,,,wordfreq,,,,,,,,,,,,,4.31
imprison,verb,,oxford5000,c1,imprison,,B2,cefrj:B2,efllex,imprison,verb,lemma+pos,0.0,0.0,0.0,0.7308,0.0,0.0621,1,B2,1.0,2.87
imprisonment,noun,,oxford5000,c1,imprisonment,,B2,cefrj:B2,efllex,imprisonment,noun,lemma+pos,0.0,0.0,0.0,0.7308,0.0,0.0621,1,B2,1.0,3.89
inability,noun,,oxford5000,c1,inability,,,,efllex,inability,noun,lemma+pos,0.0,0.0,0.0,0.0,0.8152,0.2268,1,C1,1.0,3.93
inadequate,adjective,,oxford5000,c1,inadequate,,B2,cefrj:B2,efllex,inadequate,adjective,lemma+pos,0.0,0.0,0.0,0.4103,0.0,0.0803,1,B2,1.0,3.82
inappropriate,adjective,,oxford5000,c1,inappropriate,,,,efllex,inappropriate,adjective,lemma+pos,0.0,0.0,1.3622,5.9073,0.0,2.236,4,B1,0.813,3.99
incidence,noun,,oxford5000,c1,incidence,,,,wordfreq,,,,,,,,,,,,,3.64
inclined,adjective,,oxford5000,c1,inclined,,,,efllex,inclined,adjective,lemma+pos,0.0,0.0,1.3622,0.0,0.0,0.0812,1,B1,0.0,3.87
inclusion,noun,,oxford5000,c1,inclusion,C1,,,wordfreq,,,,,,,,,,,,,4.02
inclusive,adjective,,octanove,,,C1,,,efllex,inclusive,adjective,lemma+pos,0.0,1.774,0.0,0.1311,0.0,1.0669,2,A2,0.069,3.97
incur,verb,,oxford5000,c1,incur,,B2,cefrj:B2,wordfreq,,,,,,,,,,,,,3.3
indicator,noun,,oxford5000,c1,indicator,,,,efllex,indicator,noun,lemma+pos,0.0,0.0,1.6375,0.0,0.0,0.2268,1,B1,0.0,3.92
indictment,noun,,oxford5000,c1,indictment,,,,wordfreq,,,,,,,,,,,,,3.7
indigenous,adjective,,oxford5000,c1,indigenous,,,,efllex,indigenous,adjective,lemma+pos,0.0,0.0,0.0,12.2103,0.8152,3.198,3,B2,1.0,4.16
individuality,noun,,octanove,,,C1,,,efllex,individuality,noun,lemma+pos,0.0,0.0,0.0,0.0,0.8152,0.2268,1,C1,1.0,3.2
induce,verb,,oxford5000,c1,induce,C2,,,efllex,induce,verb,lemma+pos,0.0,0.0,0.0,0.0,0.8152,0.2268,1,C1,1.0,3.56
indulge,verb,,oxford5000,c1,indulge,C2,B2,cefrj:B2,wordfreq,,,,,,,,,,,,,3.54
inequality,noun,,oxford5000,c1,inequality,,,,wordfreq,,,,,,,,,,,,,3.92
infamous,adjective,,oxford5000,c1,infamous,,,,wordfreq,,,,,,,,,,,,,3.75
infant,noun,,oxford5000,c1,infant_1,,B2,cefrj:B2,efllex,infant,noun,lemma+pos,0.0,0.0,0.0,0.0,15.0803,2.3846,5,C1,1.0,3.99
infect,verb,,oxford5000,c1,infect,,B2,cefrj:B2,efllex,infect,verb,lemma+pos,0.0,0.0,0.0,0.8294,0.0,0.2268,1,B2,1.0,3.36
inflict,verb,,oxford5000,c1,inflict,,,,wordfreq,,,,,,,,,,,,,3.34
influential,adjective,,oxford5000,c1,influential,,B2,cefrj:B2,efllex,influential,adjective,lemma+pos,0.0,0.0,0.0,0.8294,6.9854,1.7665,4,B2,1.0,4.09
ingenious,adjective,,octanove,,,C1,,,efllex,ingenious,adjective,lemma+pos,1.4193,0.0,0.0,0.0,0.8152,0.3407,2,A1,0.365,3.35
inherent,adjective,,oxford5000,c1,inherent,C1,,,wordfreq,,,,,,,,,,,,,3.83
inherently,adverb,,octanove,,,C1,,,efllex,inherently,adverb,lemma+pos,0.0,0.0,0.0,0.0,0.6091,0.0803,1,C1,1.0,3.59
inhibit,verb,,oxford5000,c1,inhibit,,,,wordfreq,,,,,,,,,,,,,3.34
initiate,verb,,oxford5000,c1,initiate_1,,,,efllex,initiate,verb,lemma+pos,0.0,0.0,0.0,0.8294,0.0,0.2268,1,B2,1.0,3.74
inject,verb,,oxford5000,c1,inject,,B1,cefrj:B1,efllex,inject,verb,lemma+pos,0.0,0.0,0.0,0.8294,0.8152,0.4535,2,B2,1.0,3.44
injection,noun,,oxford5000,c1,injection,,B2,cefrj:B2,efllex,injection,noun,lemma+pos,0.0,0.0,0.0,0.8294,0.8152,0.4535,2,B2,1.0,3.99
injustice,noun,,oxford5000,c1,injustice,C1,,,wordfreq,,,,,,,,,,,,,3.81
inmate,noun,,oxford5000,c1,inmate,,,,wordfreq,,,,,,,,,,,,,3.54
insecure,adjective,,octanove,,,C1,,,efllex,insecure,adjective,lemma+pos,0.0,0.0,0.0,0.0,0.6091,0.0803,1,C1,1.0,3.72
insertion,noun,,oxford5000,c1,insertion,,,,wordfreq,,,,,,,,,,,,,3.36
insider,noun,,oxford5000,c1,insider,,,,efllex,insider,noun,lemma+pos,0.0,0.0,0.0,0.0,0.6091,0.0803,1,C1,1.0,3.77
inspect,verb,,oxford5000,c1,inspect,,B2,cefrj:B2,efllex,inspect,verb,lemma+pos,0.0,0.0,0.0,1.1852,15.5687,3.7442,7,B2,1.0,3.63
inspection,noun,,oxford5000,c1,inspection,,B1,cefrj:B1,efllex,inspection,noun,lemma+pos,0.0,0.0,0.0,0.5926,3.8421,1.4768,5,B2,1.0,4.14
instinct,noun,,oxford5000,c1,instinct,,B2,cefrj:B2,efllex,instinct,noun,lemma+pos,0.0,0.0,0.0,0.1311,0.0,0.0314,1,B2,1.0,3.86
instinctive,adjective,,octanove,,,C1,,,efllex,instinctive,adjective,lemma+pos,0.0,0.0,0.0,0.0,0.1559,0.0314,1,C1,1.0,3.04
institutional,adjective,,oxford5000,c1,institutional,,,,efllex,institutional,adjective,lemma+pos,0.0,0.0,0.0,0.1311,0.0,0.0314,1,B2,1.0,4.0
instruct,verb,,oxford5000,c1,instruct,,B2,cefrj:B2,efllex,instruct,verb,lemma+pos,0.0,0.0,0.0,10.3397,2.8815,3.8384,6,B2,1.0,3.31
instrumental,adjective,,oxford5000,c1,instrumental_1,,,,efllex,instrumental,adjective,lemma+pos,0.0,0.0,0.0,0.0,0.6091,0.0803,1,C1,1.0,3.99
insufficient,adjective,,oxford5000,c1,insufficient,,B2,cefrj:B2,wordfreq,,,,,,,,,,,,,3.77
insult,noun,verb,oxford5000,c1,insult_1,,B2,cefrj:B2,efllex,insult,noun,lemma+pos,0.0,0.0,1.3622,0.0,16.824,3.5931,5,B1,0.925,3.99
intact,adjective,,oxford5000,c1,intact,,,,wordfreq,,,,,,,,,,,,,3.98
intake,noun,,oxford5000,c1,intake,,,,wordfreq,,,,,,,,,,,,,3.98
integral,adjective,,oxford5000,c1,integral,C1,,,efllex,integral,adjective,lemma+pos,0.0,0.0,0.0,0.0,1.2183,0.1606,2,C1,1.0,3.96
integrated,adjective,,oxford5000,c1,integrated,,,,wordfreq,,,,,,,,,,,,,4.29
integration,noun,,oxford5000,c1,integration,C2,,,efllex,integration,noun,lemma+pos,0.0,0.0,0.0,0.0,0.8152,0.2268,1,C1,1.0,4.22
integrity,noun,,oxford5000,c1,integrity,,,,efllex,integrity,noun,lemma+pos,0.0,0.0,0.0,0.0,0.8152,0.2268,1,C1,1.0,4.22
intellectual,noun,,oxford5000,c1,intellectual_2,,B2,cefrj:B2,efllex,intellectual,adjective,lemma,4.2578,0.0,0.0,0.8294,26.9697,3.8294,9,A1,0.867,4.3
intensify,verb,,oxford5000,c1,intensify,,,,wordfreq,,,,,,,,,,,,,3.16
intensity,noun,,oxford5000,c1,intensity,,,,efllex,intensity,noun,lemma+pos,0.0,0.0,0.0,0.0,0.8152,0.2268,1,C1,1.0,4.14
intensive,adjective,,oxford5000,c1,intensive,,B1,cefrj:B1,efllex,intensive,adjective,lemma+pos,0.0,2.6611,2.5892,0.0,0.1804,2.7685,4,A2,0.033,4.06
intent,noun,,oxford5000,c1,intent_1,,,,efllex,intent,noun,lemma+pos,0.0,0.0,0.0,0.0,0.1804,0.045,1,C1,1.0,4.28
interactive,adjective,,oxford5000,c1,interactive,,B2,cefrj:B2,efllex,interactive,adjective,lemma+pos,0.0,0.0,1.3622,0.4103,0.0,0.7057,2,B1,0.231,4.06
interface,noun,,oxford5000,c1,interface_1,,,,wordfreq,,,,,,,,,,,,,4.12
interfere,verb,,oxford5000,c1,interfere,,B2,cefrj:B2,efllex,interfere,verb,lemma+pos,0.0,0.0,0.0,0.6749,0.8152,0.6624,2,B2,1.0,3.88
interference,noun,,oxford5000,c1,interference,,,,wordfreq,,,,,,,,,,,,,3.99
interim,adjective,,oxford5000,c1,interim_1,,,,wordfreq,,,,,,,,,,,,,4.0
interior,adjective,noun,oxford5000,c1,interior_2,,,,efllex,interior,adjective,lemma+pos,0.0,0.0,2.7244,0.0,3.2663,1.9745,4,B1,0.545,4.55
intermediate,adjective,,oxford5000,c1,intermediate_1,,B1,cefrj:B1,wordfreq,,,,,,,,,,,,,4.04
intervene,verb,,oxford5000,c1,intervene,,,,wordfreq,,,,,,,,,,,,,3.65
intervention,noun,,oxford5000,c1,intervention,,,,wordfreq,,,,,,,,,,,,,4.26
intimate,adjective,,oxford5000,c1,intimate_1,,B2,cefrj:B2,efllex,intimate,adjective,lemma+pos,0.0,0.0,0.0,0.0,6.9854,1.2795,3,C1,1.0,4.06
intriguing,adjective,,oxford5000,c1,intriguing,,,,wordfreq,,,,,,,,,,,,,3.69
intuitive,adjective,,octanove,,,C1,,,efllex,intuitive,adjective,lemma+pos,0.0,0.0,0.0,0.8294,0.0,0.2268,1,B2,1.0,3.57
investigator,noun,,oxford5000,c1,investigator,,B2,cefrj:B2,efllex,investigator,noun,lemma+pos,0.0,0.0,1.3622,1.6588,18.7851,5.0168,7,B1,0.938,3.83
invisible,adjective,,oxford5000,c1,invisible,,B2,cefrj:B2,efllex,invisible,adjective,lemma+pos,0.0,0.0,0.0,13.0819,7.131,5.2445,7,B2,1.0,4.09
invoke,verb,,oxford5000,c1,invoke,,B2,cefrj:B2,wordfreq,,,,,,,,,,,,,3.33
involvement,noun,,oxford5000,c1,involvement,,B2,cefrj:B2,wordfreq,,,,,,,,,,,,,4.3
ironic,adjective,,oxford5000,c1,ironic,C2,,,wordfreq,,,,,,,,,,,,,3.8
ironically,adverb,,oxford5000,c1,ironically,,B2,cefrj:B2,efllex,ironically,adverb,lemma+pos,0.0,0.0,0.0,3.6117,0.6091,1.0202,3,B2,1.0,3.74
irony,noun,,oxford5000,c1,irony,C1,,,efllex,irony,noun,lemma+pos,0.0,0.0,0.0,0.0,0.8152,0.2268,1,C1,1.0,3.86
irrelevant,adjective,,oxford5000,c1,irrelevant,,,,wordfreq,,,,,,,,,,,,,3.98
isolation,noun,,oxford5000,c1,isolation,,B1,cefrj:B1,efllex,isolation,noun,lemma+pos,0.0,0.0,0.0,0.1311,0.1559,0.0629,2,B2,1.0,4.02
judicial,adjective,,oxford5000,c1,judicial,,,,wordfreq,,,,,,,,,,,,,4.14
junction,noun,,oxford5000,c1,junction,,,,wordfreq,,,,,,,,,,,,,3.94
jurisdiction,noun,,oxford5000,c1,jurisdiction,C1,,,wordfreq,,,,,,,,,,,,,4.1
justification,noun,,oxford5000,c1,justification,,,,efllex,justification,noun,lemma+pos,0.0,0.0,0.0,0.0,0.8152,0.2268,1,C1,1.0,3.83
kidnap,verb,,oxford5000,c1,kidnap,,,,efllex,kidnap,verb,lemma+pos,0.0,0.0,0.0,0.5926,0.9086,0.6617,2,B2,1.0,3.48
kidney,noun,,oxford5000,c1,kidney,,,,wordfreq,,,,,,,,,,,,,4.03
lad,noun,,oxford5000,c1,lad,,,,efllex,lad,noun,lemma+pos,0.0,0.2913,0.1675,0.6308,0.8152,1.9258,5,A2,0.759,3.9
landlord,noun,,oxford5000,c1,landlord,,B1,cefrj:B1,wordfreq,,,,,,,,,,,,,3.89
landmark,noun,,oxford5000,c1,landmark,,,,efllex,landmark,noun,lemma+pos,0.0,0.0,0.0,7.8928,4.6544,3.3988,5,B2,1.0,3.89
lap,noun,,oxford5000,c1,lap_1,C1,B2,cefrj:B2,efllex,lap,noun,lemma+pos,0.0,0.0,1.6375,0.8205,9.9672,4.0382,6,B1,0.868,4.18
large-scale,adjective,,oxford5000,c1,large-scale,,,,efllex,large-scale,adjective,lemma+pos,0.0,0.0,0.0,0.0,0.6091,0.0803,1,C1,1.0,4.72
latter,adjective,noun,oxford5000,c1,latter_1,,B2,cefrj:B2,efllex,latter,adjective,lemma+pos,0.0,0.0,0.0,0.1311,0.0,0.0314,1,B2,1.0,4.56
lawn,noun,,oxford5000,c1,lawn,,B2,cefrj:B2,efllex,lawn,noun,lemma+pos,0.0,0.0,1.6375,4.0222,0.0,1.8029,4,B1,0.711,3.98
lawsuit,noun,,oxford5000,c1,lawsuit,,B2,cefrj:B2,efllex,lawsuit,noun,lemma+pos,0.0,0.0,0.0,0.0,0.1559,0.0314,1,C1,1.0,4.09
layout,noun,,oxford5000,c1,layout,,,,efllex,layout,noun,lemma+pos,0.0,0.0,0.0,0.0,0.6091,0.0803,1,C1,1.0,4.08
leak,verb,noun,oxford5000,c1,leak_1,,B2,cefrj:B2,efllex,leak,verb,lemma+pos,2.3833,0.0,0.0,0.8294,0.6091,0.5016,5,A1,0.376,4.09
leap,verb,noun,oxford5000,c1,leap_1,,B1,cefrj:B1,efllex,leap,verb,lemma+pos,0.0,0.0,1.3622,1.3498,10.3819,4.3591,7,B1,0.896,3.94
legacy,noun,,oxford5000,c1,legacy_1,C1,,,efllex,legacy,noun,lemma+pos,0.0,0.0,0.0,0.0,0.8152,0.2268,1,C1,1.0,4.37
legendary,adjective,,oxford5000,c1,legendary,,B2,cefrj:B2,efllex,legendary,adjective,lemma+pos,0.0,0.0,2.5892,0.0,0.1804,0.6412,2,B1,0.065,4.23
legislation,noun,,oxford5000,c1,legislation,,B2,cefrj:B2,wordfreq,,,,,,,,,,,,,4.55
legislative,adjective,,oxford5000,c1,legislative,,B2,cefrj:B2,wordfreq,,,,,,,,,,,,,4.32
legislature,noun,,oxford5000,c1,legislature,,B2,cefrj:B2,wordfreq,,,,,,,,,,,,,4.16
legitimate,adjective,,oxford5000,c1,legitimate,,B2,cefrj:B2,efllex,legitimate,adjective,lemma+pos,0.0,0.0,0.296,0.8294,0.6091,1.3109,3,B1,0.829,4.22
lengthy,adjective,,oxford5000,c1,lengthy,,B2,cefrj:B2,efllex,lengthy,adjective,lemma+pos,0.0,0.0,0.0,0.8294,0.0,0.2268,1,B2,1.0,3.85
lesser,adjective,,oxford5000,c1,lesser_1,,,,wordfreq,,,,,,,,,,,,,4.13
lethal,adjective,,oxford5000,c1,lethal,,,,efllex,lethal,adjective,lemma+pos,0.0,0.0,0.0,0.8294,0.0,0.2268,1,B2,1.0,3.86
lethargy,noun,,octanove,,,C1,,,efllex,lethargy,noun,lemma+pos,0.0,0.0,0.0,0.0,0.8152,0.2268,1,C1,1.0,2.69
liable,adjective,,oxford5000,c1,liable,,,,efllex,liable,adjective,lemma+pos,0.0,0.0,0.0,0.1311,0.8152,0.5394,2,B2,1.0,3.89
liberal,adjective,noun,oxford5000,c1,liberal_1,,B2,cefrj:B2,efllex,liberal,adjective,lemma+pos,0.0,0.0,0.0,0.0,0.9605,0.0717,1,C1,1.0,4.66
liberation,noun,,oxford5000,c1,liberation,,B1,cefrj:B1,efllex,liberation,noun,lemma+pos,0.0,0.0,0.0,0.0,1.921,0.1433,2,C1,1.0,3.91
lifelong,adjective,,oxford5000,c1,lifelong,,B1,cefrj:B1,efllex,lifelong,adjective,lemma+pos,0.0,0.0,11.4623,0.0,0.0,1.5874,6,B1,0.0,3.75
likelihood,noun,,oxford5000,c1,likelihood,C1,,,efllex,likelihood,noun,lemma+pos,0.0,0.0,0.0,0.8294,0.0,0.2268,1,B2,1.0,3.91
limb,noun,,oxford5000,c1,limb,,B2,cefrj:B2,efllex,limb,noun,lemma+pos,0.0,0.0,0.0,0.8205,0.0,0.1606,1,B2,1.0,3.7
line-up,noun,,oxford5000,c1,line-up_2,,,,wordfreq,,,,,,,,,,,,,5.44
linear,adjective,,oxford5000,c1,linear,C1,,,wordfreq,,,,,,,,,,,,,4.12
linger,verb,,oxford5000,c1,linger,,B2,cefrj:B2,wordfreq,,,,,,,,,,,,,3.31
listing,noun,,oxford5000,c1,listing,,,,efllex,listing,noun,lemma+pos,0.0,0.0,1.3622,0.0,0.0,0.0812,1,B1,0.0,4.32
literacy,noun,,oxford5000,c1,literacy,,,,efllex,literacy,noun,lemma+pos,0.0,0.0,0.0,0.4103,0.0,0.0803,1,B2,1.0,3.9
liver,noun,,oxford5000,c1,liver,,B1,cefrj:B1,efllex,liver,noun,lemma+pos,0.0,0.0,0.0,0.4103,0.0,0.0803,1,B2,1.0,4.18
lobby,noun,verb,oxford5000,c1,lobby_1,,B2,cefrj:B2,efllex,lobby,noun,lemma+pos,0.0,1.1119,0.0,0.0,0.8152,0.874,2,A2,0.423,4.03
lodge,verb,,octanove,,,C1,,,efllex,lodge,verb,lemma+pos,0.0,0.0,0.0,2.9086,0.0,0.6236,2,B2,1.0,4.08
logic,noun,,oxford5000,c1,logic_1,,B1,cefrj:B1,efllex,logic,noun,lemma+pos,0.0,0.0,0.0,0.5926,0.0,0.0504,1,B2,1.0,4.36
long-standing,adjective,,oxford5000,c1,long-standing,,,,wordfreq,,,,,,,,,,,,,4.81
long-time,adjective,,oxford5000,c1,long-time,,,,wordfreq,,,,,,,,,,,,,5.69
loom,verb,,oxford5000,c1,loom_1,C1,,,wordfreq,,,,,,,,,,,,,3.34
loop,noun,,oxford5000,c1,loop_1,,,,efllex,loop,noun,lemma+pos,0.0,0.0,0.0,0.6308,0.0,0.0901,1,B2,1.0,4.29
loyalty,noun,,oxford5000,c1,loyalty,,B1,cefrj:B1,efllex,loyalty,noun,lemma+pos,0.0,0.0,0.0,5.477,4.923,2.4132,5,B2,1.0,4.17
machinery,noun,,oxford5000,c1,machinery,,,,efllex,machinery,noun,lemma+pos,0.0,0.0,0.0,2.1924,16.4824,4.5529,7,B2,1.0,4.02
magical,adjective,,oxford5000,c1,magical,,B1,cefrj:B1,efllex,magical,adjective,lemma+pos,0.0,6.0812,23.0781,0.8294,6.9854,8.2326,11,A2,0.211,4.22
magistrate,noun,,oxford5000,c1,magistrate,,,,efllex,magistrate,noun,lemma+pos,0.0,0.0,0.296,0.0,0.0,0.0314,1,B1,0.0,3.71
magnetic,adjective,,oxford5000,c1,magnetic,C1,,,efllex,magnetic,adjective,lemma+pos,0.0,0.0,0.0,0.0,1.2183,0.1606,1,C1,1.0,4.17
magnitude,noun,,oxford5000,c1,magnitude,,,,efllex,magnitude,noun,lemma+pos,0.0,0.0,0.0,0.0,4.2575,0.9118,2,C1,1.0,4.0
mainland,noun,,oxford5000,c1,the-mainland,,,,efllex,mainland,noun,lemma+pos,0.0,0.0,0.0,0.0,0.1559,0.0314,1,C1,1.0,3.95
mainstream,adjective,noun,oxford5000,c1,mainstream_2,,,,efllex,mainstream,adjective,lemma+pos,0.0,0.0,0.0,0.1311,2.4366,1.6741,3,B2,1.0,4.26
maintenance,noun,,oxford5000,c1,maintenance,,B1,cefrj:B1,efllex,maintenance,noun,lemma+pos,0.0,0.0,0.0,0.8294,0.0,0.2268,1,B2,1.0,4.55
mandate,noun,,oxford5000,c1,mandate_1,,,,wordfreq,,,,,,,,,,,,,3.97
mandatory,adjective,,oxford5000,c1,mandatory,,,,efllex,mandatory,adjective,lemma+pos,0.0,0.0,0.0,0.0,1.2183,0.1606,1,C1,1.0,4.13
manifest,verb,,oxford5000,c1,manifest_1,,,,wordfreq,,,,,,,,,,,,,3.68
manipulate,verb,,oxford5000,c1,manipulate,,B2,cefrj:B2,efllex,manipulate,verb,lemma+pos,0.0,0.0,0.0,0.0,1.6303,0.4535,1,C1,1.0,3.69
manipulation,noun,,oxford5000,c1,manipulation,C1,,,efllex,manipulation,noun,lemma+pos,0.0,0.0,0.0,0.0,0.8152,0.2268,1,C1,1.0,3.85
manoeuvre,verb,,octanove,,,"C1,C2",,,efllex,maneuver,verb,lemma+pos,0.0,0.0,0.0,0.0,1.2183,0.1606,2,C1,1.0,3.03
manuscript,noun,,oxford5000,c1,manuscript,,,,efllex,manuscript,noun,lemma+pos,0.0,0.0,1.6375,0.0,1.2183,0.8695,2,B1,0.427,3.92
marginal,adjective,,oxford5000,c1,marginal_1,C1,,,wordfreq,,,,,,,,,,,,,3.71
marine,adjective,,oxford5000,c1,marine_1,,B1,cefrj:B1,efllex,marine,adjective,lemma+pos,0.0,0.0,0.0,0.8294,0.8152,0.4535,2,B2,1.0,4.53
marketplace,noun,,oxford5000,c1,marketplace,,,,efllex,marketplace,noun,lemma+pos,0.0,0.0,0.0,0.1311,4.6746,1.3835,3,B2,1.0,3.82
mask,noun,,oxford5000,c1,mask_1,,B2,cefrj:B2,efllex,mask,noun,lemma+pos,0.0,0.0,0.5308,3.3646,2.133,3.6296,6,B1,0.912,4.31
mathematical,adjective,,oxford5000,c1,mathematical,,B2,cefrj:B2,efllex,mathematical,adjective,lemma+pos,0.0,0.0,0.0,0.7308,0.5413,0.9879,2,B2,1.0,4.04
mature,verb,adjective,oxford5000,c1,mature_2,,,,efllex,mature,verb,lemma+pos,0.0,0.0,0.0,0.3154,3.3177,1.3966,3,B2,1.0,4.28
maximize,verb,,oxford5000,c1,maximize,,,,efllex,maximize,verb,lemma+pos,0.0,0.0,0.0,0.0,0.6091,0.0803,1,C1,1.0,3.63
meaningful,adjective,,oxford5000,c1,meaningful,,B1,cefrj:B1,efllex,meaningful,adjective,lemma+pos,0.0,0.0,0.0,0.8294,0.0,0.2268,1,B2,1.0,4.14
meaningless,adjective,,octanove,,,C1,,,efllex,meaningless,adjective,lemma+pos,0.0,0.0,1.3622,0.0,0.9086,0.6923,2,B1,0.4,3.7
meantime,noun,,oxford5000,c1,meantime_1,,,,efllex,meantime,adverb,lemma,0.0,0.0,1.3622,0.0,0.0,0.0812,1,B1,0.0,4.04
medieval,adjective,,oxford5000,c1,medieval,,B2,cefrj:B2,efllex,medieval,adjective,lemma+pos,0.0,0.0,0.0,0.0,0.8152,0.2268,1,C1,1.0,4.05
meditation,noun,,oxford5000,c1,meditation,,B1,cefrj:B1,efllex,meditation,noun,lemma+pos,0.0,0.887,0.0,1.6588,0.0,0.6803,3,A2,0.652,3.95
melody,noun,,oxford5000,c1,melody,,B2,cefrj:B2,wordfreq,,,,,,,,,,,,,3.81
memo,noun,,oxford5000,c1,memo,,,,wordfreq,,,,,,,,,,,,,3.81
memoir,noun,,oxford5000,c1,memoir,,,,efllex,memoir,noun,lemma+pos,0.0,0.0,0.0,0.0,0.6091,0.0803,1,C1,1.0,3.77
memorial,noun,,oxford5000,c1,memorial_1,,B2,cefrj:B2,wordfreq,,,,,,,,,,,,,4.41
mentor,noun,,oxford5000,c1,mentor,,B2,cefrj:B2,efllex,mentor,noun,lemma+pos,0.0,0.0,0.0,1.6588,0.8152,0.6803,3,B2,1.0,3.93
merchant,noun,,oxford5000,c1,merchant_1,,B1,cefrj:B1,efllex,merchant,noun,lemma+pos,0.0,0.0,0.0,0.0,0.6091,0.0803,1,C1,1.0,4.08
mercy,noun,,oxford5000,c1,mercy,,B2,cefrj:B2,efllex,mercy,noun,lemma+pos,1.4193,0.0,0.0,0.0,0.9605,0.3285,2,A1,0.404,4.25
mere,adjective,,oxford5000,c1,mere_1,C2,B1,cefrj:B1,efllex,mere,adjective,lemma+pos,0.0,0.0,8.042,0.8294,3.1995,2.816,5,B1,0.334,4.13
merely,adverb,,oxford5000,c1,merely,,B1,cefrj:B1,efllex,merely,adverb,lemma+pos,0.0,0.0,0.296,0.0,14.1624,2.6356,6,B1,0.98,4.37
merge,verb,,oxford5000,c1,merge,,B2,cefrj:B2,efllex,merge,verb,lemma+pos,0.0,0.0,0.296,0.0,0.0,0.0314,1,B1,0.0,3.75
merger,noun,,oxford5000,c1,merger,C2,B2,cefrj:B2,wordfreq,,,,,,,,,,,,,3.97
merit,noun,,oxford5000,c1,merit_1,C2,,,efllex,merit,noun,lemma+pos,0.0,0.0,0.296,0.0,0.0,0.0314,1,B1,0.0,4.08
methodology,noun,,oxford5000,c1,methodology,C2,,,wordfreq,,,,,,,,,,,,,3.82
midst,noun,,oxford5000,c1,midst,,B2,cefrj:B2,efllex,midst,noun,lemma+pos,0.0,0.0,0.0,0.0,1.6303,0.4535,2,C1,1.0,3.89
migration,noun,,oxford5000,c1,migration,,B2,cefrj:B2,efllex,migration,noun,lemma+pos,0.0,0.0,0.0,0.0,0.1804,0.045,1,C1,1.0,4.14
militant,adjective,noun,oxford5000,c1,militant_2,,,,efllex,militant,adjective,lemma+pos,0.0,0.0,0.0,0.3154,0.0,0.045,1,B2,1.0,3.62
militia,noun,,oxford5000,c1,militia,,,,wordfreq,,,,,,,,,,,,,3.88
mill,noun,,oxford5000,c1,mill_1,,B2,cefrj:B2,efllex,mill,noun,lemma+pos,40.2596,0.0,0.0,0.0,0.1804,0.8508,9,A1,0.004,4.38
mingle,verb,,octanove,,,C1,,,efllex,mingle,verb,lemma+pos,0.0,0.0,0.0,0.0,0.8152,0.2268,1,C1,1.0,3.21
minimal,adjective,,oxford5000,c1,minimal,,,,efllex,minimal,adjective,lemma+pos,0.0,0.0,0.296,0.0,0.1559,0.0629,2,B1,0.345,4.11
minimize,verb,,oxford5000,c1,minimize,,B1,cefrj:B1,wordfreq,,,,,,,,,,,,,3.8
mining,noun,,oxford5000,c1,mining,,,,efllex,mining,noun,lemma+pos,0.0,0.0,0.0,0.0,4.6793,0.6944,2,C1,1.0,4.56
ministry,noun,,oxford5000,c1,ministry,,,,efllex,ministry,noun,lemma+pos,0.0,0.0,0.0,0.8294,0.0,0.2268,1,B2,1.0,4.63
miracle,noun,,oxford5000,c1,miracle,,B1,cefrj:B1,efllex,miracle,noun,lemma+pos,0.0,0.874,0.0,0.4103,0.8152,0.8469,4,A2,0.584,4.13
misery,noun,,oxford5000,c1,misery,,B1,cefrj:B1,efllex,misery,noun,lemma+pos,0.0,0.0,0.0,0.0,3.6342,0.2711,4,C1,1.0,3.89
misleading,adjective,,oxford5000,c1,misleading,,B2,cefrj:B2,efllex,misleading,adjective,lemma+pos,0.0,0.0,0.0,0.4103,0.6091,0.1606,2,B2,1.0,3.9
missile,noun,,oxford5000,c1,missile,,B2,cefrj:B2,efllex,missile,noun,lemma+pos,0.0,0.0,0.0,9.3597,0.8152,2.2454,4,B2,1.0,4.14
mob,noun,,oxford5000,c1,mob_1,,,,efllex,mob,noun,lemma+pos,0.0,0.0,0.0,0.0,0.8152,0.2268,1,C1,1.0,4.03
mobility,noun,,oxford5000,c1,mobility,,B2,cefrj:B2,wordfreq,,,,,,,,,,,,,4.05
mobilize,verb,,oxford5000,c1,mobilize,,,,efllex,mobilize,verb,lemma+pos,0.0,0.0,0.0,0.0,0.6091,0.0803,1,C1,1.0,3.18
moderate,adjective,,oxford5000,c1,moderate_1,,B1,cefrj:B1,wordfreq,,,,,,,,,,,,,4.27
modification,noun,,oxford5000,c1,modification,,B2,cefrj:B2,wordfreq,,,,,,,,,,,,,3.77
momentum,noun,,oxford5000,c1,momentum,,,,wordfreq,,,,,,,,,,,,,4.07
monk,noun,,oxford5000,c1,monk,,B1,cefrj:B1,efllex,monk,noun,lemma+pos,0.0,0.0,0.0,0.0,0.8152,0.2268,1,C1,1.0,3.93
monopoly,noun,,oxford5000,c1,monopoly,,,,efllex,monopoly,noun,lemma+pos,0.0,0.2913,0.0,0.0,0.0,0.011,1,A2,0.0,3.84
morality,noun,,oxford5000,c1,morality,,B2,cefrj:B2,wordfreq,,,,,,,,,,,,,3.86
motive,noun,,oxford5000,c1,motive_1,,B1,cefrj:B1,efllex,motive,noun,lemma+pos,0.0,0.0,0.0,78.4955,2.8815,18.1748,17,B2,1.0,3.94
motorist,noun,,oxford5000,c1,motorist,,B2,cefrj:B2,efllex,motorist,noun,lemma+pos,0.0,0.0,0.0,0.0,0.6091,0.0803,1,C1,1.0,3.07
municipal,adjective,,oxford5000,c1,municipal,,,,wordfreq,,,,,,,,,,,,,4.24
mutual,adjective,,oxford5000,c1,mutual,,B1,cefrj:B1,wordfreq,,,,,,,,,,,,,4.26
mythology,noun,,octanove,,,C1,,,efllex,mythology,noun,lemma+pos,0.0,0.0,0.377,0.0,0.8152,0.3928,2,B1,0.684,3.64
namely,adverb,,oxford5000,c1,namely,,,,efllex,namely,adverb,lemma+pos,0.0,0.0,0.0,0.0,0.1804,0.045,1,C1,1.0,4.02
nationwide,adjective,,oxford5000,c1,nationwide_1,,B2,cefrj:B2,efllex,nationwide,adjective,lemma+pos,0.0,0.0,0.0,0.5926,0.0,0.0504,1,B2,1.0,4.07
naval,adjective,,oxford5000,c1,naval,,B2,cefrj:B2,efllex,naval,adjective,lemma+pos,0.0,0.0,0.0,0.1311,0.0,0.0314,1,B2,1.0,4.24
neglect,verb,noun,oxford5000,c1,neglect_1,,,,efllex,neglect,verb,lemma+pos,0.0,0.0,0.0,3.6117,0.0,0.6752,2,B2,1.0,3.79
neighbouring,adjective,,oxford5000,c1,neighbouring,,B2,cefrj:B2,efllex,neighbouring,adjective,lemma+pos,0.0,0.0,2.1495,3.654,3.0974,4.093,7,B1,0.759,3.77
nest,noun,,oxford5000,c1,nest_1,,,,efllex,nest,noun,lemma+pos,0.0,0.0,0.0,0.6749,0.6091,0.6752,2,B2,1.0,4.07
newsletter,noun,,oxford5000,c1,newsletter,,,,wordfreq,,,,,,,,,,,,,3.76
niche,noun,,oxford5000,c1,niche_1,C1,,,wordfreq,,,,,,,,,,,,,3.85
noble,adjective,,oxford5000,c1,noble_1,,B2,cefrj:B2,efllex,noble,adjective,lemma+pos,0.0,0.0,0.0,0.0,13.1827,1.801,4,C1,1.0,4.24
nod,verb,,oxford5000,c1,nod_1,,B2,cefrj:B2,efllex,nod,verb,lemma+pos,0.0,4.2324,0.5308,16.9383,52.6637,27.7413,31,A2,0.936,3.74
nominate,verb,,oxford5000,c1,nominate,,,,efllex,nominate,verb,lemma+pos,0.0,0.0,1.6375,11.5114,0.6091,4.5584,6,B1,0.881,3.57
nomination,noun,,oxford5000,c1,nomination,,B2,cefrj:B2,efllex,nomination,noun,lemma+pos,0.0,0.0,1.6375,0.0,0.0,0.2268,1,B1,0.0,4.07
nominee,noun,,oxford5000,c1,nominee,,B2,cefrj:B2,wordfreq,,,,,,,,,,,,,3.96
non-profit,adjective,,oxford5000,c1,non-profit,,,,efllex,non-profit,adjective,lemma+pos,0.0,0.0,0.0,0.0,0.8152,0.2268,1,C1,1.0,4.6
nonetheless,adverb,,oxford5000,c1,nonetheless,,B1,cefrj:B1,efllex,nonetheless,adverb,lemma+pos,0.0,0.0,0.0,0.1311,0.0,0.0314,1,B2,1.0,4.04
nonsense,noun,,oxford5000,c1,nonsense,,B1,cefrj:B1,efllex,nonsense,noun,lemma+pos,0.0,0.0,0.0,22.0295,30.5301,12.9766,15,B2,1.0,4.21
notable,adjective,,oxford5000,c1,notable_1,C1,,,efllex,notable,adjective,lemma+pos,0.0,0.0,0.0,0.0,4.6544,0.7357,2,C1,1.0,4.07
notably,adverb,,oxford5000,c1,notably,,,,efllex,notably,adverb,lemma+pos,0.0,0.0,0.0,0.3154,0.0,0.045,1,B2,1.0,4.01
notify,verb,,oxford5000,c1,notify,,,,wordfreq,,,,,,,,,,,,,3.73
notorious,adjective,,oxford5000,c1,notorious,C2,B1,cefrj:B1,efllex,notorious,adjective,lemma+pos,0.0,0.0,0.0,0.0,0.6091,0.0803,1,C1,1.0,3.83
novel,adjective,,oxford5000,c1,novel_2,,,,efllex,novel,noun,lemma,23.2331,4.0101,15.5353,35.117,30.0458,34.3965,29,A1,0.604,4.63
nursery,noun,,oxford5000,c1,nursery_1,,B2,cefrj:B2,efllex,nursery,noun,lemma+pos,2.3682,0.0,0.0,0.0,2.133,0.9813,3,A1,0.474,3.89
objection,noun,,oxford5000,c1,objection,,B1,cefrj:B1,efllex,objection,noun,lemma+pos,0.0,0.0,0.0,3.1482,0.9605,1.5383,3,B2,1.0,3.77
oblige,verb,,oxford5000,c1,oblige,C1,,,efllex,oblige,verb,lemma+pos,0.0,0.0,0.0,3.3735,0.9086,1.4222,3,B2,1.0,3.1
obscure,verb,adjective,octanove,,,C1,,,efllex,obscure,verb,lemma+pos,0.0,0.0,0.0,0.0,0.8152,0.2268,1,C1,1.0,3.85
obsess,verb,,oxford5000,c1,obsess,,B2,cefrj:B2,efllex,obsess,verb,lemma+pos,0.0,0.0,2.5892,0.0,0.0,0.0865,1,B1,0.0,2.9
obsession,noun,,oxford5000,c1,obsession,,B2,cefrj:B2,efllex,obsession,noun,lemma+pos,0.0,0.0,0.0,3.619,0.0,0.7357,2,B2,1.0,3.9
occasional,adjective,,oxford5000,c1,occasional,,B1,cefrj:B1,efllex,occasional,adjective,lemma+pos,0.0,1.1119,0.0,0.6749,9.9978,4.2815,7,A2,0.906,4.12
occurrence,noun,,oxford5000,c1,occurrence,,,,efllex,occurrence,noun,lemma+pos,0.0,0.0,0.0,0.0,0.9605,0.0717,1,C1,1.0,3.77
odds,noun,,oxford5000,c1,odds,,,,efllex,odds,noun,lemma+pos,0.0,0.0,2.7244,0.3154,0.0,1.0286,3,B1,0.104,4.28
offering,noun,,oxford5000,c1,offering,,,,efllex,offering,noun,lemma+pos,0.0,0.0,0.0,0.0,0.9357,0.0698,1,C1,1.0,4.6
offspring,noun,,oxford5000,c1,offspring,C1,,,wordfreq,,,,,,,,,,,,,3.77
operational,adjective,,oxford5000,c1,operational,,,,wordfreq,,,,,,,,,,,,,4.21
opt,verb,,oxford5000,c1,opt,,,,efllex,opt,verb,lemma+pos,0.0,0.0,0.0,0.4103,0.6091,0.1606,2,B2,1.0,3.9
optical,adjective,,oxford5000,c1,optical,,,,efllex,optical,adjective,lemma+pos,0.0,0.0,0.0,0.0,0.1559,0.0314,1,C1,1.0,4.07
optimism,noun,,oxford5000,c1,optimism,,B2,cefrj:B2,efllex,optimism,noun,lemma+pos,0.0,0.0,0.0,0.0,0.1804,0.045,1,C1,1.0,3.66
oral,adjective,,oxford5000,c1,oral_1,,B2,cefrj:B2,efllex,oral,adjective,lemma+pos,0.0,0.0,0.0,0.0,4.6544,0.7357,2,C1,1.0,4.26
organizational,adjective,,oxford5000,c1,organizational,C1,,,efllex,organizational,adjective,lemma+pos,0.0,0.0,0.0,0.0,1.2183,0.1606,2,C1,1.0,3.83
orientation,noun,,oxford5000,c1,orientation,,,,wordfreq,,,,,,,,,,,,,4.05
originate,verb,,oxford5000,c1,originate,,B2,cefrj:B2,efllex,originate,verb,lemma+pos,0.0,0.0,1.6375,0.0,0.0,0.2268,1,B1,0.0,3.37
outbreak,noun,,oxford5000,c1,outbreak,,B2,cefrj:B2,wordfreq,,,,,,,,,,,,,3.99
outing,noun,,oxford5000,c1,outing,,B2,cefrj:B2,wordfreq,,,,,,,,,,,,,3.5
outlet,noun,,oxford5000,c1,outlet,,B2,cefrj:B2,efllex,outlet,noun,lemma+pos,0.0,0.0,0.0,0.0,0.8152,0.2268,1,C1,1.0,4.0
outlook,noun,,oxford5000,c1,outlook,,B2,cefrj:B2,wordfreq,,,,,,,,,,,,,4.07
outrage,noun,verb,oxford5000,c1,outrage_1,,B2,cefrj:B2,wordfreq,,,,,,,,,,,,,3.84
outset,noun,,octanove,,,C1,,,efllex,outset,noun,lemma+pos,0.0,0.0,0.0,0.0,0.6091,0.0803,1,C1,1.0,3.44
outsider,noun,,oxford5000,c1,outsider,,B2,cefrj:B2,efllex,outsider,noun,lemma+pos,0.0,0.0,0.0,0.2622,4.6544,1.357,4,B2,1.0,3.55
overlook,verb,,oxford5000,c1,overlook,,B2,cefrj:B2,efllex,overlook,verb,lemma+pos,0.0,0.0,0.296,0.8294,8.8406,3.2797,6,B1,0.97,3.53
overly,adverb,,oxford5000,c1,overly,,B2,cefrj:B2,wordfreq,,,,,,,,,,,,,3.83
oversee,verb,,oxford5000,c1,oversee,C1,,,efllex,oversee,verb,lemma+pos,0.0,0.0,0.0,1.6588,0.0,0.4535,2,B2,1.0,3.51
overturn,verb,,oxford5000,c1,overturn,,B2,cefrj:B2,efllex,overturn,verb,lemma+pos,0.0,0.0,0.0,1.4616,0.0,0.1242,1,B2,1.0,3.22
overwhelm,verb,,oxford5000,c1,overwhelm,,B1,cefrj:B1,efllex,overwhelm,verb,lemma+pos,0.0,0.0,0.0,0.0,1.6303,0.4535,2,C1,1.0,3.15
overwhelming,adjective,,oxford5000,c1,overwhelming,,B1,cefrj:B1,efllex,overwhelming,adjective,lemma+pos,0.0,0.0,0.0,0.1012,1.2183,0.9894,3,B2,1.0,4.08
pad,noun,,oxford5000,c1,pad_1,,B2,cefrj:B2,efllex,pad,noun,lemma+pos,0.0,0.0,2.5892,0.3154,0.0,0.6412,2,B1,0.109,4.01
parameter,noun,,oxford5000,c1,parameter,C2,,,efllex,parameter,noun,lemma+pos,0.0,0.0,0.0,0.0,0.8152,0.2268,1,C1,1.0,3.57
parasite,noun,,octanove,,,C1,,,efllex,parasite,noun,lemma+pos,0.0,0.0,0.0,0.4103,0.0,0.0803,1,B2,1.0,3.51
parental,adjective,,oxford5000,c1,parental,,B1,cefrj:B1,wordfreq,,,,,,,,,,,,,3.78
parliamentary,adjective,,oxford5000,c1,parliamentary,,,,efllex,parliamentary,adjective,lemma+pos,0.0,0.0,0.0,5.6129,0.0,0.9615,2,B2,1.0,4.18
partial,adjective,,oxford5000,c1,partial,,B1,cefrj:B1,wordfreq,,,,,,,,,,,,,4.17
partially,adverb,,oxford5000,c1,partially,,,,efllex,partially,adverb,lemma+pos,1.4193,0.0,1.3622,0.0,0.8152,0.7876,3,A1,0.227,4.19
passing,noun,,oxford5000,c1,passing_1,,,,wordfreq,,,,,,,,,,,,,4.63
passive,adjective,,oxford5000,c1,passive_1,,B1,cefrj:B1,efllex,passive,adjective,lemma+pos,0.0,0.0,0.0,0.0,1.6303,0.4535,2,C1,1.0,4.03
patch,noun,,oxford5000,c1,patch_1,,B2,cefrj:B2,efllex,patch,noun,lemma+pos,0.0,0.0,0.0,0.1311,0.0,0.0314,1,B2,1.0,4.2
patent,noun,,oxford5000,c1,patent_1,,,,efllex,patent,noun,lemma+pos,0.0,0.0,0.0,0.8294,0.0,0.2268,1,B2,1.0,4.18
pathway,noun,,oxford5000,c1,pathway,,,,efllex,pathway,noun,lemma+pos,0.0,0.887,0.0,0.0,0.0,0.2268,1,A2,0.0,3.77
patrol,noun,verb,oxford5000,c1,patrol_1,,B1,cefrj:B1,wordfreq,,,,,,,,,,,,,4.14
patron,noun,,oxford5000,c1,patron,,B2,cefrj:B2,wordfreq,,,,,,,,,,,,,3.73
peak,noun,,oxford5000,c1,peak_1,,B2,cefrj:B2,efllex,peak,noun,lemma+pos,0.0,11.8059,0.0,7.8372,6.7953,4.622,12,A2,0.553,4.53
peasant,noun,,oxford5000,c1,peasant,C1,,,efllex,peasant,noun,lemma+pos,0.0,0.0,0.0,0.0,2.8815,0.215,1,C1,1.0,3.62
peculiar,adjective,,oxford5000,c1,peculiar,,B1,cefrj:B1,efllex,peculiar,adjective,lemma+pos,0.0,0.0,0.0,10.5621,0.0,1.9158,3,B2,1.0,3.67
perfect,verb,,octanove,,,C1,,,efllex,perfect,verb,lemma+pos,0.0,0.0,0.0,3.6117,0.1559,1.3923,3,B2,1.0,5.2
persist,verb,,oxford5000,c1,persist,,B2,cefrj:B2,efllex,persist,verb,lemma+pos,0.0,0.0,0.0,0.0,0.6091,0.0803,1,C1,1.0,3.53
persistent,adjective,,oxford5000,c1,persistent,,B2,cefrj:B2,efllex,persistent,adjective,lemma+pos,0.0,0.0,0.0,0.0,0.8152,0.2268,1,C1,1.0,3.9
personnel,noun,,oxford5000,c1,personnel,,B2,cefrj:B2,wordfreq,,,,,,,,,,,,,4.56
petition,noun,,oxford5000,c1,petition_1,,,,efllex,petition,noun,lemma+pos,0.0,0.0,0.0,0.8294,0.0,0.2268,1,B2,1.0,4.3
phenomenal,adjective,,octanove,,,C1,,,efllex,phenomenal,adjective,lemma+pos,0.0,0.0,0.0,0.0,0.6091,0.0803,1,C1,1.0,3.76
philosopher,noun,,oxford5000,c1,philosopher,,B1,cefrj:B1,efllex,philosopher,noun,lemma+pos,0.0,0.0,1.6375,0.0,0.6091,0.7357,2,B1,0.271,3.72
philosophical,adjective,,oxford5000,c1,philosophical,,B2,cefrj:B2,efllex,philosophical,adjective,lemma+pos,0.0,0.0,0.0,0.0,9.9241,1.5231,3,C1,1.0,3.95
physician,noun,,oxford5000,c1,physician,,B2,cefrj:B2,efllex,physician,noun,lemma+pos,0.0,0.0,0.0,0.1311,0.0,0.0314,1,B2,1.0,4.18
physique,noun,,octanove,,,C1,,,efllex,physique,noun,lemma+pos,0.0,0.0,0.0,0.1012,0.0,0.0812,1,B2,1.0,3.29
pioneer,noun,verb,oxford5000,c1,pioneer_1,C1,,,efllex,pioneer,noun,lemma+pos,0.0,0.0,0.0,0.8294,1.6303,0.6803,3,B2,1.0,3.91
pipeline,noun,,oxford5000,c1,pipeline,,,,wordfreq,,,,,,,,,,,,,4.04
pirate,noun,,oxford5000,c1,pirate_1,,B2,cefrj:B2,efllex,pirate,noun,lemma+pos,0.0,50.7501,0.0,0.0,0.0,4.1477,29,A2,0.0,3.96
pit,noun,,oxford5000,c1,pit_1,,B1,cefrj:B1,efllex,pit,noun,lemma+pos,0.0,0.0,0.0,73.4633,0.0,10.8185,15,B2,1.0,4.27
plague,verb,,octanove,,,C1,,,efllex,plague,verb,lemma+pos,0.0,0.0,0.0,0.8294,0.0,0.2268,1,B2,1.0,3.89
plausible,adjective,,octanove,,,C1,,,efllex,plausible,adjective,lemma+pos,0.0,0.0,0.0,0.3154,0.0,0.045,1,B2,1.0,3.64
plea,noun,,oxford5000,c1,plea,,,,wordfreq,,,,,,,,,,,,,3.95
plead,verb,,oxford5000,c1,plead,,B2,cefrj:B2,efllex,plead,verb,lemma+pos,0.0,0.5074,0.0,0.0,0.0,0.0192,1,A2,0.0,3.63
pledge,noun,verb,oxford5000,c1,pledge_2,,,,wordfreq,,,,,,,,,,,,,4.0
plug,verb,noun,oxford5000,c1,plug_1,,B2,cefrj:B2,efllex,plug,verb,lemma+pos,0.0,0.0,17.7912,0.1012,0.0,1.8183,6,B1,0.006,4.14
plummet,verb,,octanove,,,C1,,,efllex,plummet,verb,lemma+pos,0.0,0.0,0.0,0.0,0.1559,0.0314,1,C1,1.0,2.85
plunge,verb,,oxford5000,c1,plunge_1,C1,,,efllex,plunge,verb,lemma+pos,0.0,0.0,0.0,0.3154,0.6091,0.6444,2,B2,1.0,3.49
pole,noun,,oxford5000,c1,pole_1,,B1,cefrj:B1,efllex,pole,noun,lemma+pos,0.0,0.0,0.0,8.2259,6.7808,3.978,6,B2,1.0,4.23
poll,noun,,oxford5000,c1,poll_1,,,,efllex,poll,noun,lemma+pos,0.0,0.0,0.0,0.8294,0.8152,0.4535,2,B2,1.0,4.35
pond,noun,,oxford5000,c1,pond,,B1,cefrj:B1,efllex,pond,noun,lemma+pos,0.0,0.0,0.0,0.0,1.6303,0.4535,2,C1,1.0,3.98
portable,adjective,,octanove,,,C1,,,efllex,portable,adjective,lemma+pos,0.0,0.0,0.1675,0.1012,8.4664,3.648,7,B1,0.981,3.97
portfolio,noun,,oxford5000,c1,portfolio,,,,efllex,portfolio,noun,lemma+pos,0.0,0.0,0.0,0.0,0.8152,0.2268,1,C1,1.0,4.15
portray,verb,,oxford5000,c1,portray,C1,,,efllex,portray,verb,lemma+pos,0.0,0.0,0.0,0.1311,1.6303,1.0669,2,B2,1.0,3.63
post-war,adjective,,oxford5000,c1,post-war,,,,wordfreq,,,,,,,,,,,,,5.14
postpone,verb,,oxford5000,c1,postpone,,B2,cefrj:B2,efllex,postpone,verb,lemma+pos,0.0,0.0,0.296,0.0,0.0,0.0314,1,B1,0.0,3.48
practitioner,noun,,oxford5000,c1,practitioner,C2,,,efllex,practitioner,noun,lemma+pos,0.0,0.0,0.0,0.3933,0.0,0.0943,3,B2,1.0,3.63
preach,verb,,oxford5000,c1,preach,C1,,,wordfreq,,,,,,,,,,,,,3.69
precedent,noun,,oxford5000,c1,precedent,,,,wordfreq,,,,,,,,,,,,,3.78
precision,noun,,oxford5000,c1,precision,C1,,,efllex,precision,noun,lemma+pos,0.0,0.0,0.0,0.0,0.6091,0.0803,1,C1,1.0,4.01
predator,noun,,oxford5000,c1,predator,,,,efllex,predator,noun,lemma+pos,0.0,0.0,0.0,0.1311,3.6378,0.7506,4,B2,1.0,3.71
predecessor,noun,,oxford5000,c1,predecessor,"C1,C2",,,wordfreq,,,,,,,,,,,,,3.82
predominantly,adverb,,oxford5000,c1,predominantly,,,,wordfreq,,,,,,,,,,,,,3.8
pregnancy,noun,,oxford5000,c1,pregnancy,,,,efllex,pregnancy,noun,lemma+pos,0.0,0.0,0.0,0.0,6.0475,0.9989,2,C1,1.0,4.33
prejudice,noun,,oxford5000,c1,prejudice_1,,B1,cefrj:B1,wordfreq,,,,,,,,,,,,,3.79
preliminary,adjective,,oxford5000,c1,preliminary_1,,B2,cefrj:B2,wordfreq,,,,,,,,,,,,,4.16
premier,noun,adjective,octanove,,,C1,,,efllex,premier,noun,lemma+pos,0.0,0.0,0.0,0.8294,0.0,0.2268,1,B2,1.0,4.56
premise,noun,,oxford5000,c1,premise,C1,,,efllex,premise,noun,lemma+pos,0.0,0.0,0.296,0.0,0.6091,0.5862,2,B1,0.673,3.82
premium,noun,,oxford5000,c1,premium_1,,,,wordfreq,,,,,,,,,,,,,4.33
prescribe,verb,,oxford5000,c1,prescribe,,B2,cefrj:B2,efllex,prescribe,verb,lemma+pos,0.0,0.0,0.0,0.8294,1.6303,0.6803,2,B2,1.0,3.39
prescription,noun,,oxford5000,c1,prescription,,B1,cefrj:B1,efllex,prescription,noun,lemma+pos,0.0,0.0,0.0,0.8294,1.6303,0.6803,3,B2,1.0,4.0
presently,adverb,,oxford5000,c1,presently,,,,efllex,presently,adverb,lemma+pos,0.0,0.0,0.0,0.1311,0.0,0.0314,1,B2,1.0,3.72
preservation,noun,,oxford5000,c1,preservation,,B1,cefrj:B1,efllex,preservation,noun,lemma+pos,0.0,0.0,0.0,0.4103,0.8152,0.7357,2,B2,1.0,4.01
preside,verb,,oxford5000,c1,preside,,,,wordfreq,,,,,,,,,,,,,2.99
presidency,noun,,oxford5000,c1,presidency,,B2,cefrj:B2,wordfreq,,,,,,,,,,,,,4.16
presidential,adjective,,oxford5000,c1,presidential,,B2,cefrj:B2,efllex,presidential,adjective,lemma+pos,0.0,0.0,0.0,0.0,0.6091,0.0803,1,C1,1.0,4.52
prestigious,adjective,,oxford5000,c1,prestigious,,B2,cefrj:B2,efllex,prestigious,adjective,lemma+pos,0.0,0.0,0.0,0.0,6.0716,1.0669,3,C1,1.0,3.86
presumably,adverb,,oxford5000,c1,presumably,,B2,cefrj:B2,efllex,presumably,adverb,lemma+pos,0.0,0.5074,0.0,0.0,4.6544,1.1312,3,A2,0.902,4.06
presume,verb,,oxford5000,c1,presume,,,,efllex,presume,verb,lemma+pos,0.0,0.0,0.0,0.8294,0.0,0.2268,1,B2,1.0,3.62
prevail,verb,,oxford5000,c1,prevail,,B2,cefrj:B2,wordfreq,,,,,,,,,,,,,3.55
prevalence,noun,,oxford5000,c1,prevalence,,,,wordfreq,,,,,,,,,,,,,3.66
prevention,noun,,oxford5000,c1,prevention,,B2,cefrj:B2,efllex,prevention,noun,lemma+pos,0.0,0.0,0.0,0.8294,2.4455,0.9071,4,B2,1.0,4.28
prey,noun,,oxford5000,c1,prey_1,,,,wordfreq,,,,,,,,,,,,,3.98
principal,noun,,oxford5000,c1,principal_2,,B2,cefrj:B2,efllex,principal,noun,lemma+pos,0.0,0.0,0.1675,0.0,1.8714,1.002,3,B1,0.918,4.52
privatization,noun,,oxford5000,c1,privatization,,,,wordfreq,,,,,,,,,,,,,3.27
privilege,noun,,oxford5000,c1,privilege_1,,B2,cefrj:B2,efllex,privilege,noun,lemma+pos,0.0,0.0,0.0,0.0,5.0999,0.6962,2,C1,1.0,4.2
privileged,adjective,,octanove,,,C1,,,efllex,privileged,adjective,lemma+pos,0.0,0.0,0.0,0.0,0.9605,0.0717,1,C1,1.0,3.81
probe,noun,verb,oxford5000,c1,probe_1,,B2,cefrj:B2,efllex,probe,noun,lemma+pos,0.0,0.0,0.0,0.8294,0.1559,0.5394,2,B2,1.0,3.99
problematic,adjective,,oxford5000,c1,problematic,,,,efllex,problematic,adjective,lemma+pos,0.0,0.0,0.0,0.0,0.6091,0.0803,1,C1,1.0,3.87
proceeding,noun,,oxford5000,c1,proceeding,,,,wordfreq,,,,,,,,,,,,,3.66
proceeds,noun,,oxford5000,c1,proceeds,,,,efllex,proceeds,noun,lemma+pos,0.0,0.0,0.0,0.4103,0.0,0.0803,1,B2,1.0,4.05
processing,noun,,oxford5000,c1,processing,,,,efllex,processing,noun,lemma+pos,0.0,0.0,0.0,0.0,0.1804,0.045,1,C1,1.0,4.46
processor,noun,,oxford5000,c1,processor,,,,efllex,processor,noun,lemma+pos,0.0,0.0,0.0,0.0,3.3326,0.611,2,C1,1.0,3.87
proclaim,verb,,oxford5000,c1,proclaim,,B1,cefrj:B1,wordfreq,,,,,,,,,,,,,3.27
productive,adjective,,oxford5000,c1,productive,,B1,cefrj:B1,efllex,productive,adjective,lemma+pos,0.0,0.0,1.3622,6.8675,0.6091,2.7301,5,B1,0.846,4.22
productivity,noun,,oxford5000,c1,productivity,,,,wordfreq,,,,,,,,,,,,,4.15
professionalism,noun,,octanove,,,C1,,,efllex,professionalism,noun,lemma+pos,0.0,0.0,0.0,0.1311,0.0,0.0314,1,B2,1.0,3.4
profitable,adjective,,oxford5000,c1,profitable,,B2,cefrj:B2,efllex,profitable,adjective,lemma+pos,0.0,0.0,2.7244,0.3154,9.9241,4.0477,6,B1,0.79,4.03
profound,adjective,,oxford5000,c1,profound,C1,,,efllex,profound,adjective,lemma+pos,0.0,0.0,0.0,6.2896,11.8098,5.1576,8,B2,1.0,3.94
prohibitive,adjective,,octanove,,,C1,,,efllex,prohibitive,adjective,lemma+pos,0.0,0.0,0.0,0.0,0.6091,0.0803,1,C1,1.0,2.95
projection,noun,,oxford5000,c1,projection,,B2,cefrj:B2,wordfreq,,,,,,,,,,,,,3.79
prominent,adjective,,oxford5000,c1,prominent,,B1,cefrj:B1,efllex,prominent,adjective,lemma+pos,0.0,0.0,0.0,1.6588,0.0,0.4535,2,B2,1.0,4.33
pronounced,adjective,,oxford5000,c1,pronounced,,,,wordfreq,,,,,,,,,,,,,4.06
prop,noun,,octanove,,,C1,,,efllex,prop,noun,lemma+pos,0.0,0.0,0.0,0.0,0.8152,0.2268,1,C1,1.0,3.77
propaganda,noun,,oxford5000,c1,propaganda,,,,wordfreq,,,,,,,,,,,,,4.17
proposition,noun,,oxford5000,c1,proposition_1,C2,,,wordfreq,,,,,,,,,,,,,3.85
prosecute,verb,,oxford5000,c1,prosecute,,B2,cefrj:B2,efllex,prosecute,verb,lemma+pos,0.0,0.0,0.0,5.9356,0.0,1.3351,3,B2,1.0,3.54
prosecution,noun,,oxford5000,c1,prosecution,,,,efllex,prosecution,noun,lemma+pos,0.0,0.0,0.0,0.0,0.8152,0.2268,1,C1,1.0,4.06
prosecutor,noun,,oxford5000,c1,prosecutor,,,,wordfreq,,,,,,,,,,,,,3.94
prospective,adjective,,oxford5000,c1,prospective,C1,,,efllex,prospective,adjective,lemma+pos,0.0,0.0,0.0,0.4103,0.8152,0.7357,2,B2,1.0,3.87
prosperity,noun,,oxford5000,c1,prosperity,,B1,cefrj:B1,efllex,prosperity,noun,lemma+pos,0.0,0.0,0.0,9.5461,3.3326,3.3251,6,B2,1.0,3.91
protagonist,noun,,octanove,,,C1,,,efllex,protagonist,noun,lemma+pos,0.0,0.0,0.0,0.0,1.6303,0.4535,2,C1,1.0,3.67
protective,adjective,,oxford5000,c1,protective,,B1,cefrj:B1,efllex,protective,adjective,lemma+pos,0.0,0.0,0.0,0.1486,0.6091,0.7094,2,B2,1.0,4.13
protocol,noun,,oxford5000,c1,protocol,,,,wordfreq,,,,,,,,,,,,,4.15
province,noun,,oxford5000,c1,province,,B2,cefrj:B2,efllex,province,noun,lemma+pos,2.4671,0.887,0.0,0.0,4.923,2.2215,4,A1,0.595,4.47
provincial,adjective,,oxford5000,c1,provincial_1,C2,,,wordfreq,,,,,,,,,,,,,4.08
provision,noun,,oxford5000,c1,provision_1,,B2,cefrj:B2,efllex,provision,noun,lemma+pos,0.0,0.0,0.0,0.8294,0.0,0.2268,1,B2,1.0,4.14
provoke,verb,,oxford5000,c1,provoke,C1,,,efllex,provoke,verb,lemma+pos,0.0,0.0,0.0,0.0,0.8152,0.2268,1,C1,1.0,3.5
psychiatric,adjective,,oxford5000,c1,psychiatric,C1,,,efllex,psychiatric,adjective,lemma+pos,0.0,0.0,0.0,0.1012,0.0,0.0812,1,B2,1.0,3.87
psychiatrist,noun,,octanove,,,C1,,,efllex,psychiatrist,noun,lemma+pos,0.0,0.0,2.5892,0.6749,0.0,0.675,2,B1,0.207,3.7
pulse,noun,,oxford5000,c1,pulse_1,,B2,cefrj:B2,wordfreq,,,,,,,,,,,,,4.06
pump,verb,noun,oxford5000,c1,pump_1,,,,efllex,pump,verb,lemma+pos,0.0,0.0,0.0,0.0,13.119,1.7879,4,C1,1.0,4.28
punch,verb,noun,oxford5000,c1,punch_1,,B2,cefrj:B2,efllex,punch,verb,lemma+pos,0.0,0.0,0.5308,0.4103,0.0,0.4465,2,B1,0.436,4.32
puzzle,verb,,octanove,,,C1,,,efllex,puzzle,verb,lemma+pos,0.0,0.0,0.0,47.099,27.3488,19.4568,24,B2,1.0,3.96
query,noun,,oxford5000,c1,query_1,,B2,cefrj:B2,efllex,query,noun,lemma+pos,0.0,0.0,2.5892,0.4103,0.1559,1.3654,3,B1,0.179,3.64
quest,noun,,oxford5000,c1,quest_1,C1,,,efllex,quest,noun,lemma+pos,0.0,0.0,0.0,0.0,0.8152,0.2268,1,C1,1.0,4.27
quip,noun,,octanove,,,C1,,,efllex,quip,noun,lemma+pos,0.0,0.0,0.0,0.0,0.1804,0.045,1,C1,1.0,2.67
quota,noun,,oxford5000,c1,quota,,,,efllex,quota,noun,lemma+pos,0.0,0.0,0.0,0.0,0.1804,0.045,1,C1,1.0,3.53
radical,adjective,,oxford5000,c1,radical_1,,,,efllex,radical,adjective,lemma+pos,0.0,0.0,0.0,0.3154,8.8406,2.775,4,B2,1.0,4.33
rage,noun,,oxford5000,c1,rage_1,,B1,cefrj:B1,efllex,rage,noun,lemma+pos,0.0,0.0,0.0,0.8294,2.807,0.9128,4,B2,1.0,4.11
raid,noun,verb,oxford5000,c1,raid_1,,,,efllex,raid,noun,lemma+pos,0.0,0.0,0.0,0.8294,0.8152,0.4535,2,B2,1.0,4.19
rally,noun,verb,oxford5000,c1,rally_1,,B2,cefrj:B2,wordfreq,,,,,,,,,,,,,4.34
ranking,noun,,oxford5000,c1,ranking_1,,,,wordfreq,,,,,,,,,,,,,4.19
rarity,noun,,octanove,,,C1,,,efllex,rarity,noun,lemma+pos,0.0,0.0,0.0,0.0,0.1559,0.0314,1,C1,1.0,3.36
ratio,noun,,oxford5000,c1,ratio,,,,wordfreq,,,,,,,,,,,,,4.37
rational,adjective,,oxford5000,c1,rational,,B1,cefrj:B1,wordfreq,,,,,,,,,,,,,4.06
readily,adverb,,oxford5000,c1,readily,,B2,cefrj:B2,efllex,readily,adverb,lemma+pos,0.0,0.0,0.0,2.7716,0.0,0.5862,2,B2,1.0,3.93
realism,noun,,octanove,,,C1,,,efllex,realism,noun,lemma+pos,0.0,0.0,0.0,0.3154,0.0,0.045,1,B2,1.0,3.69
realization,noun,,oxford5000,c1,realization,,B2,cefrj:B2,efllex,realization,noun,lemma+pos,0.0,0.0,1.3622,0.0,9.9454,2.4834,4,B1,0.88,3.72
realm,noun,,oxford5000,c1,realm,,,,wordfreq,,,,,,,,,,,,,4.06
reap,verb,,octanove,,,C1,,,efllex,reap,verb,lemma+pos,0.0,0.0,0.0,0.0,0.1559,0.0314,1,C1,1.0,3.53
rear,adjective,noun,oxford5000,c1,rear_1,,B2,cefrj:B2,efllex,rear,adjective,lemma+pos,0.0,0.0,1.6375,0.0,0.0,0.2268,1,B1,0.0,4.43
reasoning,noun,,oxford5000,c1,reasoning,,,,efllex,reasoning,noun,lemma+pos,2.8386,0.0,0.0,0.0,0.6091,0.3133,2,A1,0.177,4.01
reassure,verb,,oxford5000,c1,reassure,C1,,,efllex,reassure,verb,lemma+pos,0.0,0.0,0.0,2.6995,0.0,0.2295,4,B2,1.0,3.3
rebel,noun,,oxford5000,c1,rebel_1,,B2,cefrj:B2,efllex,rebel,noun,lemma+pos,0.0,0.0,0.0,0.0,50.5971,6.1521,9,C1,1.0,4.08
rebellion,noun,,oxford5000,c1,rebellion,,,,wordfreq,,,,,,,,,,,,,3.94
recharge,verb,,octanove,,,C1,,,efllex,recharge,verb,lemma+pos,0.0,0.0,0.0,0.4103,0.8152,0.7357,2,B2,1.0,3.4
recipient,noun,,oxford5000,c1,recipient,,,,wordfreq,,,,,,,,,,,,,3.94
recognizable,adjective,,octanove,,,C1,,,efllex,recognizable,adjective,lemma+pos,0.0,0.0,0.0,0.3154,0.9605,0.6483,2,B2,1.0,3.45
reconstruction,noun,,oxford5000,c1,reconstruction,,,,efllex,reconstruction,noun,lemma+pos,0.0,0.0,0.0,0.0,0.8152,0.2268,1,C1,1.0,3.96
recount,verb,,oxford5000,c1,recount1,,,,wordfreq,,,,,,,,,,,,,3.24
referendum,noun,,oxford5000,c1,referendum,,,,efllex,referendum,noun,lemma+pos,0.0,0.0,0.0,0.0,0.1559,0.0314,1,C1,1.0,3.98
reflection,noun,,oxford5000,c1,reflection,,B1,cefrj:B1,efllex,reflection,noun,lemma+pos,0.0,0.2879,0.5308,0.6749,7.9678,3.8733,6,A2,0.913,4.17
reform,noun,verb,oxford5000,c1,reform_1,,B2,cefrj:B2,wordfreq,,,,,,,,,,,,,4.53
refreshing,adjective,,octanove,,,C1,,,efllex,refreshing,adjective,lemma+pos,0.0,0.0,0.0,0.8294,0.8152,0.4535,2,B2,1.0,3.83
refuge,noun,,oxford5000,c1,refuge,,B2,cefrj:B2,efllex,refuge,noun,lemma+pos,0.0,0.0,0.0,0.0,6.9854,1.2795,3,C1,1.0,3.91
refusal,noun,,oxford5000,c1,refusal,,B1,cefrj:B1,efllex,refusal,noun,lemma+pos,0.0,0.0,0.0,0.6524,4.2661,1.5112,4,B2,1.0,3.83
regain,verb,,oxford5000,c1,regain,,B1,cefrj:B1,efllex,regain,verb,lemma+pos,0.0,0.0,0.296,10.4585,6.7953,5.0657,8,B1,0.983,3.73
regardless,adverb,,oxford5000,c1,regardless,,B2,cefrj:B2,efllex,regardless,adverb,lemma+pos,0.0,0.0,0.5308,0.8294,0.6091,1.041,3,B1,0.73,4.48
regime,noun,,oxford5000,c1,regime,,B2,cefrj:B2,efllex,regime,noun,lemma+pos,0.0,0.0,0.0,0.1311,0.0,0.0314,1,B2,1.0,4.3
regulator,noun,,oxford5000,c1,regulator,,,,wordfreq,,,,,,,,,,,,,3.62
regulatory,adjective,,oxford5000,c1,regulatory,C2,,,efllex,regulatory,adjective,lemma+pos,0.0,0.0,0.0,0.0,0.8152,0.2268,1,C1,1.0,4.23
rehabilitation,noun,,oxford5000,c1,rehabilitation,,,,wordfreq,,,,,,,,,,,,,3.99
reign,noun,verb,oxford5000,c1,reign_1,,,,wordfreq,,,,,,,,,,,,,4.07
rejection,noun,,oxford5000,c1,rejection,,B2,cefrj:B2,efllex,rejection,noun,lemma+pos,0.0,0.0,0.0,0.0,3.7427,0.2792,1,C1,1.0,3.9
relevance,noun,,oxford5000,c1,relevance,,,,wordfreq,,,,,,,,,,,,,3.75
reliability,noun,,oxford5000,c1,reliability,,,,wordfreq,,,,,,,,,,,,,3.92
reluctant,adjective,,oxford5000,c1,reluctant,,B2,cefrj:B2,efllex,reluctant,adjective,lemma+pos,0.0,0.0,1.6375,0.0,0.0,0.2268,1,B1,0.0,3.81
remainder,noun,,oxford5000,c1,remainder_1,,B1,cefrj:B1,efllex,remainder,noun,lemma+pos,0.0,0.0,0.0,0.0,0.6091,0.0803,1,C1,1.0,4.03
remains,noun,,oxford5000,c1,remains,,B2,cefrj:B2,efllex,remains,noun,lemma+pos,0.0,0.0,1.6375,11.2911,7.445,5.556,9,B1,0.92,4.8
remedy,noun,,oxford5000,c1,remedy_1,,B1,cefrj:B1,efllex,remedy,noun,lemma+pos,0.0,6.2092,0.0,5.8056,2.4455,3.8552,12,A2,0.571,3.82
reminder,noun,,oxford5000,c1,reminder,,B2,cefrj:B2,efllex,reminder,noun,lemma+pos,0.0,0.0,0.5308,0.8294,0.0,0.4205,2,B1,0.61,4.12
reminisce,verb,,octanove,,,C1,,,efllex,reminisce,verb,lemma+pos,0.0,0.0,0.0,0.0,0.8152,0.2268,1,C1,1.0,2.84
reminiscent,adjective,,octanove,,,C1,,,efllex,reminiscent,adjective,lemma+pos,0.0,0.0,0.0,0.0,0.8152,0.2268,1,C1,1.0,3.61
removal,noun,,oxford5000,c1,removal,,,,efllex,removal,noun,lemma+pos,0.0,0.0,0.0,3.8497,5.057,2.4339,4,B2,1.0,4.35
render,verb,,oxford5000,c1,render,C1,,,efllex,render,verb,lemma+pos,0.0,0.0,0.0,0.0,0.8152,0.2268,1,C1,1.0,3.78
renew,verb,,oxford5000,c1,renew,,B1,cefrj:B1,efllex,renew,verb,lemma+pos,0.0,0.0,0.0,0.8294,0.0,0.2268,1,B2,1.0,3.73
renowned,adjective,,oxford5000,c1,renowned,,,,efllex,renowned,adjective,lemma+pos,0.0,0.0,0.0,0.0,0.8152,0.2268,1,C1,1.0,3.96
rental,noun,,oxford5000,c1,rental,,B2,cefrj:B2,efllex,rental,noun,lemma+pos,0.0,0.0,0.0,0.5926,0.0,0.0504,1,B2,1.0,4.1
replacement,noun,,oxford5000,c1,replacement,,B2,cefrj:B2,efllex,replacement,noun,lemma+pos,0.0,0.0,0.0,0.8294,0.0,0.2268,1,B2,1.0,4.44
reportedly,adverb,,oxford5000,c1,reportedly,,,,efllex,reportedly,adverb,lemma+pos,0.0,0.0,0.0,3.619,8.4664,1.8562,7,B2,1.0,4.13
representation,noun,,oxford5000,c1,representation,,,,efllex,representation,noun,lemma+pos,0.0,0.0,0.0,0.0,0.8152,0.2268,1,C1,1.0,4.34
reproduce,verb,,oxford5000,c1,reproduce,,B1,cefrj:B1,wordfreq,,,,,,,,,,,,,3.63
reproduction,noun,,oxford5000,c1,reproduction,,,,wordfreq,,,,,,,,,,,,,3.79
republic,noun,,oxford5000,c1,republic,,B1,cefrj:B1,wordfreq,,,,,,,,,,,,,4.6
resemble,verb,,oxford5000,c1,resemble,,B1,cefrj:B1,efllex,resemble,verb,lemma+pos,0.0,0.0,1.3622,0.0,0.0,0.0812,1,B1,0.0,3.73
resent,verb,,octanove,,,C1,,,efllex,resent,verb,lemma+pos,0.0,0.0,0.0,1.3498,0.0,0.1147,2,B2,1.0,3.38
reside,verb,,oxford5000,c1,reside,,,,efllex,reside,verb,lemma+pos,0.0,0.0,1.3622,0.0,0.0,0.0812,1,B1,0.0,3.67
residence,noun,,oxford5000,c1,residence,,B2,cefrj:B2,efllex,residence,noun,lemma+pos,0.0,0.0,0.0,1.6588,0.0,0.4535,2,B2,1.0,4.36
residential,adjective,,oxford5000,c1,residential,,B1,cefrj:B1,efllex,residential,adjective,lemma+pos,0.0,0.0,1.6375,0.0,4.6544,1.2795,3,B1,0.74,4.33
residue,noun,,oxford5000,c1,residue,C2,,,wordfreq,,,,,,,,,,,,,3.53
resignation,noun,,oxford5000,c1,resignation,,B2,cefrj:B2,wordfreq,,,,,,,,,,,,,4.02
resistance,noun,,oxford5000,c1,resistance,,B2,cefrj:B2,efllex,resistance,noun,lemma+pos,0.0,0.0,0.0,4.0071,0.8152,1.2157,3,B2,1.0,4.55
resort,verb,,octanove,,,C1,,,efllex,resort,verb,lemma+pos,0.0,0.0,0.0,0.0,0.1559,0.0314,1,C1,1.0,4.37
respective,adjective,,oxford5000,c1,respective,,,,wordfreq,,,,,,,,,,,,,4.19
respectively,adverb,,oxford5000,c1,respectively,,,,wordfreq,,,,,,,,,,,,,4.45
restoration,noun,,oxford5000,c1,restoration,C1,,,efllex,restoration,noun,lemma+pos,0.0,0.0,0.0,0.0,0.1559,0.0314,1,C1,1.0,4.11
restraint,noun,,oxford5000,c1,restraint,,,,wordfreq,,,,,,,,,,,,,3.64
resume,verb,,oxford5000,c1,resume_1,,B2,cefrj:B2,efllex,resume,verb,lemma+pos,0.0,0.0,0.0,0.3154,0.0,0.045,1,B2,1.0,4.12
retreat,noun,verb,oxford5000,c1,retreat_1,,B2,cefrj:B2,efllex,retreat,noun,lemma+pos,0.0,0.0,0.0,0.2972,0.8152,0.899,2,B2,1.0,4.13
retrieve,verb,,oxford5000,c1,retrieve,,B2,cefrj:B2,wordfreq,,,,,,,,,,,,,3.69
revelation,noun,,oxford5000,c1,revelation,,B2,cefrj:B2,wordfreq,,,,,,,,,,,,,3.96
revenge,noun,,oxford5000,c1,revenge_1,,B2,cefrj:B2,efllex,revenge,noun,lemma+pos,0.0,0.0,1.131,16.039,38.4619,14.3058,18,B1,0.98,4.28
reverse,adjective,noun;verb,oxford5000,c1,reverse_3,,,,efllex,reverse,adjective,lemma+pos,0.0,0.0,0.0,0.8294,0.0,0.2268,1,B2,1.0,4.37
revival,noun,,oxford5000,c1,revival,,B2,cefrj:B2,wordfreq,,,,,,,,,,,,,3.93
revive,verb,,oxford5000,c1,revive,,B2,cefrj:B2,efllex,revive,verb,lemma+pos,0.0,0.0,0.0,0.4103,0.0,0.0803,1,B2,1.0,3.68
revolutionary,adjective,,oxford5000,c1,revolutionary_1,,B2,cefrj:B2,efllex,revolutionary,adjective,lemma+pos,0.0,0.5559,0.0,0.0,4.6746,1.5226,3,A2,0.894,4.17
rhetoric,noun,,oxford5000,c1,rhetoric,C2,,,wordfreq,,,,,,,,,,,,,3.95
rifle,noun,,oxford5000,c1,rifle_1,,,,efllex,rifle,noun,lemma+pos,0.0,0.0,0.0,0.0,0.9357,0.0698,1,C1,1.0,4.18
riot,noun,,oxford5000,c1,riot_1,,,,wordfreq,,,,,,,,,,,,,4.09
rip,verb,,oxford5000,c1,rip_1,,B2,cefrj:B2,efllex,rip,verb,lemma+pos,0.0,0.0,0.0,0.0,4.923,0.7108,2,C1,1.0,4.26
ritual,noun,,oxford5000,c1,ritual_1,,B2,cefrj:B2,efllex,ritual,noun,lemma+pos,0.0,0.0,0.0,0.0,3.4969,0.6444,2,C1,1.0,4.02
robust,adjective,,oxford5000,c1,robust,C1,,,wordfreq,,,,,,,,,,,,,3.94
rod,noun,,oxford5000,c1,rod_1,,,,wordfreq,,,,,,,,,,,,,4.14
rotate,verb,,oxford5000,c1,rotate,C1,,,wordfreq,,,,,,,,,,,,,3.58
rotation,noun,,oxford5000,c1,rotation,,,,wordfreq,,,,,,,,,,,,,4.08
rudimentary,adjective,,octanove,,,C1,,,efllex,rudimentary,adjective,lemma+pos,0.0,0.0,0.0,0.0,4.6544,0.7357,2,C1,1.0,3.17
ruling,noun,,oxford5000,c1,ruling_1,,,,efllex,ruling,noun,lemma+pos,0.0,0.0,0.0,0.0,0.1559,0.0314,1,C1,1.0,4.29
sack,verb,,oxford5000,c1,sack_1,,B2,cefrj:B2,efllex,sack,verb,lemma+pos,0.0,0.0,2.5892,3.9351,0.1804,2.412,4,B1,0.614,3.91
sacred,adjective,,oxford5000,c1,sacred,,B1,cefrj:B1,efllex,sacred,adjective,lemma+pos,0.0,0.0,0.377,0.0,0.6091,0.4056,2,B1,0.618,4.24
sacrifice,noun,verb,oxford5000,c1,sacrifice_1,C1,,,efllex,sacrifice,noun,lemma+pos,0.0,0.0,0.0,0.1012,9.3403,2.2853,4,B2,1.0,4.29
saint,noun,,oxford5000,c1,saint,,,,efllex,saint,noun,lemma+pos,0.0,0.0,0.0,0.0,0.9086,0.0678,1,C1,1.0,4.41
salvage,verb,,octanove,,,C1,,,efllex,salvage,verb,lemma+pos,0.0,0.0,0.0,0.0,0.8152,0.2268,1,C1,1.0,3.65
sanction,noun,,oxford5000,c1,sanction_1,,,,wordfreq,,,,,,,,,,,,,3.43
scathing,adjective,,octanove,,,C1,,,efllex,scathing,adjective,lemma+pos,0.0,0.0,0.0,0.0,0.8152,0.2268,1,C1,1.0,2.97
scattered,adjective,,oxford5000,c1,scattered,,,,efllex,scattered,adjective,lemma+pos,0.0,0.0,0.0,0.0,1.0665,0.0796,1,C1,1.0,3.97
sceptical,adjective,,oxford5000,c1,sceptical,,,,efllex,sceptical,adjective,lemma+pos,0.0,0.0,0.0,0.0,0.8152,0.2268,1,C1,1.0,3.09
scope,noun,,oxford5000,c1,scope_1,,B1,cefrj:B1,efllex,scope,noun,lemma+pos,0.0,0.0,0.0,0.0,0.8152,0.2268,1,C1,1.0,4.26
screenplay,noun,,octanove,,,C1,,,efllex,screenplay,noun,lemma+pos,0.0,1.1119,0.0,0.8294,0.0,0.874,2,A2,0.427,3.54
scrutinize,verb,,octanove,,,C1,,,efllex,scrutinise,verb,lemma+pos,0.0,0.0,0.0,0.0,0.8152,0.2268,1,C1,1.0,2.76
scrutiny,noun,,oxford5000,c1,scrutiny,C1,,,wordfreq,,,,,,,,,,,,,3.74
seal,verb,noun,oxford5000,c1,seal_1,,,,efllex,seal,verb,lemma+pos,0.0,0.0,0.0,4.0091,0.0,0.6624,2,B2,1.0,4.3
secular,adjective,,oxford5000,c1,secular,C2,,,wordfreq,,,,,,,,,,,,,3.95
seemingly,adverb,,oxford5000,c1,seemingly,,,,efllex,seemingly,adverb,lemma+pos,0.0,0.0,0.0,4.0071,4.6544,2.1799,4,B2,1.0,4.1
segment,noun,,oxford5000,c1,segment_1,,B2,cefrj:B2,efllex,segment,noun,lemma+pos,0.0,0.0,0.0,0.0,1.2183,0.1606,2,C1,1.0,4.26
seize,verb,,oxford5000,c1,seize,,B1,cefrj:B1,efllex,seize,verb,lemma+pos,0.0,0.0,0.0,0.6524,24.6877,4.9626,8,B2,1.0,3.8
seldom,adverb,,oxford5000,c1,seldom,,B2,cefrj:B2,efllex,seldom,adverb,lemma+pos,0.0,0.0,0.0,0.6524,4.6544,1.4736,3,B2,1.0,3.63
selective,adjective,,oxford5000,c1,selective,,,,efllex,selective,adjective,lemma+pos,0.0,0.0,0.296,0.0,0.0,0.0314,1,B1,0.0,3.88
sensation,noun,,oxford5000,c1,sensation,,B1,cefrj:B1,efllex,sensation,noun,lemma+pos,0.0,0.5559,0.0,0.8205,1.8714,2.4352,5,A2,0.829,3.9
sensitivity,noun,,oxford5000,c1,sensitivity,,,,wordfreq,,,,,,,,,,,,,3.95
sentiment,noun,,oxford5000,c1,sentiment,C1,,,wordfreq,,,,,,,,,,,,,4.03
separation,noun,,oxford5000,c1,separation,,B1,cefrj:B1,efllex,separation,noun,lemma+pos,0.0,0.0,0.0,0.0,0.8152,0.2268,1,C1,1.0,4.13
serial,adjective,,oxford5000,c1,serial_1,,B2,cefrj:B2,wordfreq,,,,,,,,,,,,,4.23
set-up,noun,,oxford5000,c1,set-up_2,,,,wordfreq,,,,,,,,,,,,,5.53
settlement,noun,,oxford5000,c1,settlement,,B1,cefrj:B1,efllex,settlement,noun,lemma+pos,0.0,0.0,0.0,0.0,3.2878,0.7086,3,C1,1.0,4.49
shareholder,noun,,oxford5000,c1,shareholder,,,,efllex,shareholder,noun,lemma+pos,0.0,0.0,0.0,4.1481,0.0,0.3526,4,B2,1.0,3.63
shatter,verb,,oxford5000,c1,shatter,,B2,cefrj:B2,efllex,shatter,verb,lemma+pos,0.0,0.0,2.5892,0.0,0.0,0.0865,1,B1,0.0,3.22
shed,verb,,oxford5000,c1,shed_1,C1,,,efllex,shed,verb,lemma+pos,0.0,0.0,0.0,0.8294,0.8152,0.4535,2,B2,1.0,4.23
sheer,adjective,,oxford5000,c1,sheer_1,,B1,cefrj:B1,efllex,sheer,adjective,lemma+pos,0.0,0.0,0.0,0.0,4.6544,0.7357,2,C1,1.0,4.01
shipping,noun,,oxford5000,c1,shipping,,B2,cefrj:B2,efllex,shipping,noun,lemma+pos,0.0,0.0,0.0,0.1311,0.0,0.0314,1,B2,1.0,4.52
shrink,verb,,oxford5000,c1,shrink_1,,B2,cefrj:B2,efllex,shrink,verb,lemma+pos,0.0,0.0,0.0,0.8294,6.0475,1.7821,4,B2,1.0,3.73
shrug,verb,,oxford5000,c1,shrug_1,,B2,cefrj:B2,efllex,shrug,verb,lemma+pos,0.0,1.0149,0.0,6.8563,0.0,2.3423,5,A2,0.871,3.3
sigh,verb,noun,oxford5000,c1,sigh_1,,B2,cefrj:B2,efllex,sigh,verb,lemma+pos,0.0,0.2913,0.0,31.0985,21.2675,16.3484,23,A2,0.994,3.95
silhouette,noun,,octanove,,,C1,,,efllex,silhouette,noun,lemma+pos,0.0,0.0,0.0,0.0,0.8152,0.2268,1,C1,1.0,3.31
simplicity,noun,,octanove,,,C1,,,efllex,simplicity,noun,lemma+pos,0.0,0.0,0.0,0.8294,9.9221,2.2338,4,B2,1.0,3.77
simulate,verb,,oxford5000,c1,simulate,,,,wordfreq,,,,,,,,,,,,,3.44
simulation,noun,,oxford5000,c1,simulation,,,,wordfreq,,,,,,,,,,,,,3.94
simultaneously,adverb,,oxford5000,c1,simultaneously,,B1,cefrj:B1,efllex,simultaneously,adverb,lemma+pos,0.0,0.0,0.0,0.0,0.6091,0.0803,1,C1,1.0,4.17
sin,noun,,oxford5000,c1,sin_1,,,,efllex,sin,noun,lemma+pos,0.0,0.0,0.0,0.0,17.3707,1.9965,3,C1,1.0,4.37
situated,adjective,,oxford5000,c1,situated,,,,wordfreq,,,,,,,,,,,,,4.19
sketch,noun,,oxford5000,c1,sketch_1,C1,,,wordfreq,,,,,,,,,,,,,4.04
skip,verb,,oxford5000,c1,skip_1,,B2,cefrj:B2,efllex,skip,verb,lemma+pos,0.0,0.0,1.3622,0.0,0.0,0.0812,1,B1,0.0,4.21
slack,noun,,octanove,,,C1,,,efllex,slack,noun,lemma+pos,0.0,0.0,0.0,0.8294,0.0,0.2268,1,B2,1.0,3.71
slam,verb,,oxford5000,c1,slam_1,,B2,cefrj:B2,efllex,slam,verb,lemma+pos,0.0,0.0,0.0,0.4103,1.8171,0.9362,3,B2,1.0,4.02
slap,verb,,oxford5000,c1,slap_1,,B2,cefrj:B2,efllex,slap,verb,lemma+pos,0.0,0.0,1.3622,0.4103,0.0,0.7057,2,B1,0.231,3.97
slash,verb,,oxford5000,c1,slash_1,,,,efllex,slash,verb,lemma+pos,0.0,0.0,0.0,0.6749,0.0,0.0574,1,B2,1.0,3.65
slavery,noun,,oxford5000,c1,slavery,,B1,cefrj:B1,efllex,slavery,noun,lemma+pos,0.0,0.0,0.0,0.5926,0.0,0.0504,1,B2,1.0,4.21
slot,noun,,oxford5000,c1,slot_1,,B1,cefrj:B1,wordfreq,,,,,,,,,,,,,4.09
smash,verb,,oxford5000,c1,smash_1,,B2,cefrj:B2,efllex,smash,verb,lemma+pos,0.0,0.0,0.0,1.4616,0.9357,0.9291,3,B2,1.0,4.09
smug,adjective,,octanove,,,C1,,,efllex,smug,adjective,lemma+pos,0.0,0.0,0.0,0.0,0.8152,0.2268,1,C1,1.0,3.31
snap,verb,,oxford5000,c1,snap_1,,B2,cefrj:B2,efllex,snap,verb,lemma+pos,0.0,0.0,4.3029,4.0091,0.0,2.3615,4,B1,0.482,4.21
soak,verb,,oxford5000,c1,soak_1,,B2,cefrj:B2,wordfreq,,,,,,,,,,,,,3.61
soar,verb,,oxford5000,c1,soar,,B2,cefrj:B2,efllex,soar,verb,lemma+pos,0.0,0.0,0.0,0.0,0.1559,0.0314,1,C1,1.0,3.39
socialist,adjective,,oxford5000,c1,socialist_1,,,,efllex,socialist,adjective,lemma+pos,0.0,0.2873,0.0,1.6588,0.0,0.8196,2,A2,0.852,4.22
sole,adjective,,oxford5000,c1,sole_1,,,,wordfreq,,,,,,,,,,,,,4.29
solely,adverb,,oxford5000,c1,solely,,,,wordfreq,,,,,,,,,,,,,4.2
solicitor,noun,,oxford5000,c1,solicitor,,,,wordfreq,,,,,,,,,,,,,3.69
solidarity,noun,,oxford5000,c1,solidarity,,,,efllex,solidarity,noun,lemma+pos,0.0,0.0,0.0,0.0,0.1559,0.0314,1,C1,1.0,3.89
solo,adjective,noun,oxford5000,c1,solo_2,,B2,cefrj:B2,efllex,solo,adjective,lemma+pos,0.0,0.0,3.2749,1.6588,0.8152,1.1339,3,B1,0.43,4.61
sovereignty,noun,,oxford5000,c1,sovereignty,,,,wordfreq,,,,,,,,,,,,,3.86
spacious,adjective,,octanove,,,C1,,,efllex,spacious,adjective,lemma+pos,0.0,0.0,17.4376,0.3154,3.1517,4.4865,7,B1,0.166,3.41
spam,noun,,oxford5000,c1,spam_1,,,,efllex,spam,noun,lemma+pos,0.0,1.1119,0.0,0.0,0.0,0.1625,1,A2,0.0,4.05
span,verb,noun,oxford5000,c1,span_1,,B2,cefrj:B2,efllex,span,verb,lemma+pos,0.0,0.0,0.0,0.0,0.8152,0.2268,1,C1,1.0,4.07
spare,verb,,oxford5000,c1,spare_2,,B2,cefrj:B2,efllex,spare,verb,lemma+pos,0.0,0.0,0.5308,0.0,0.0,0.0151,1,B1,0.0,4.28
spark,verb,,oxford5000,c1,spark_1,,,,efllex,spark,verb,lemma+pos,0.0,0.0,0.0,0.8294,0.8152,0.4535,2,B2,1.0,3.99
specialized,adjective,,oxford5000,c1,specialized,,,,efllex,specialized,adjective,lemma+pos,0.0,0.0,0.0,0.0,0.6091,0.0803,1,C1,1.0,4.07
specification,noun,,oxford5000,c1,specification,C1,,,wordfreq,,,,,,,,,,,,,3.75
specimen,noun,,oxford5000,c1,specimen,C1,,,wordfreq,,,,,,,,,,,,,3.72
spectacle,noun,,oxford5000,c1,spectacle,,B2,cefrj:B2,efllex,spectacle,noun,lemma+pos,0.0,0.0,0.0,0.0,1.6303,0.4535,2,C1,1.0,3.61
spectrum,noun,,oxford5000,c1,spectrum,,,,wordfreq,,,,,,,,,,,,,4.26
sphere,noun,,oxford5000,c1,sphere,,B1,cefrj:B1,efllex,sphere,noun,lemma+pos,0.0,0.0,0.0,0.0,0.6091,0.0803,1,C1,1.0,3.91
spin,verb,noun,oxford5000,c1,spin_1,,B2,cefrj:B2,efllex,spin,verb,lemma+pos,0.0,0.0,1.6375,0.7308,2.133,1.8643,4,B1,0.636,4.38
spine,noun,,oxford5000,c1,spine,,,,wordfreq,,,,,,,,,,,,,3.93
spontaneously,adverb,,octanove,,,C1,,,efllex,spontaneously,adverb,lemma+pos,0.0,0.0,0.0,0.0,0.8152,0.2268,1,C1,1.0,3.34
spotlight,noun,,oxford5000,c1,spotlight_1,,,,efllex,spotlight,noun,lemma+pos,0.0,0.0,0.0,1.2616,0.0,0.1802,2,B2,1.0,3.9
spouse,noun,,oxford5000,c1,spouse,,,,wordfreq,,,,,,,,,,,,,3.95
sprawl,verb,,octanove,,,C1,,,efllex,sprawl,verb,lemma+pos,0.0,0.0,0.0,0.0,3.1517,0.5394,2,C1,1.0,2.99
spy,verb,,oxford5000,c1,spy_2,,,,efllex,spy,verb,lemma+pos,0.0,0.0,0.0,4.0091,10.1763,3.2269,5,B2,1.0,4.24
squad,noun,,oxford5000,c1,squad,,B2,cefrj:B2,efllex,squad,noun,lemma+pos,0.0,0.0,0.0,0.3154,0.8152,0.611,2,B2,1.0,4.67
squeeze,verb,,oxford5000,c1,squeeze_1,,B2,cefrj:B2,efllex,squeeze,verb,lemma+pos,0.0,0.0,0.0,0.0,14.3387,1.6315,5,C1,1.0,3.94
stab,verb,,oxford5000,c1,stab_1,,B2,cefrj:B2,efllex,stab,verb,lemma+pos,0.0,0.3248,0.0,0.3154,0.0,0.4799,2,A2,0.493,3.78
stability,noun,,oxford5000,c1,stability,,B2,cefrj:B2,efllex,stability,noun,lemma+pos,0.0,0.0,0.0,0.0,10.6652,0.7957,2,C1,1.0,4.31
stabilize,verb,,oxford5000,c1,stabilize,C2,,,wordfreq,,,,,,,,,,,,,3.46
stake,noun,,oxford5000,c1,stake_1,,B2,cefrj:B2,efllex,stake,noun,lemma+pos,0.0,0.0,0.0,0.4103,0.6091,0.1606,2,B2,1.0,4.15
standing,adjective,,oxford5000,c1,standing_1,,,,efllex,standing,adjective,lemma+pos,0.0,0.0,0.0,0.1012,0.0,0.0812,1,B2,1.0,4.86
staple,noun,,octanove,,,C1,,,efllex,staple,noun,lemma+pos,0.0,0.0,0.0,0.8294,0.8152,0.4535,2,B2,1.0,3.68
stark,adjective,,oxford5000,c1,stark_1,,,,efllex,stark,adjective,lemma+pos,0.0,0.0,0.0,0.0,3.1517,0.5394,2,C1,1.0,4.01
startling,adjective,,octanove,,,C1,,,efllex,startling,adjective,lemma+pos,0.0,0.0,0.0,0.8294,0.0,0.2268,1,B2,1.0,3.4
statistical,adjective,,oxford5000,c1,statistical,,,,efllex,statistical,adjective,lemma+pos,0.0,0.0,0.0,0.0,0.6091,0.0803,1,C1,1.0,4.14
steer,verb,,oxford5000,c1,steer_1,,B2,cefrj:B2,efllex,steer,verb,lemma+pos,0.0,0.0,0.0,0.0,0.8152,0.2268,1,C1,1.0,3.72
stem,noun,verb,oxford5000,c1,stem_1,,,,efllex,stem,noun,lemma+pos,0.0,0.0,0.0,0.8294,1.0665,0.7336,2,B2,1.0,4.3
stereotype,noun,,oxford5000,c1,stereotype_1,,B2,cefrj:B2,efllex,stereotype,noun,lemma+pos,0.0,0.0,2.5892,0.0,4.6544,1.5491,3,B1,0.643,3.43
stimulus,noun,,oxford5000,c1,stimulus,,,,efllex,stimulus,noun,lemma+pos,0.0,0.0,1.3622,0.0,0.0,0.0812,1,B1,0.0,3.82
stir,verb,,oxford5000,c1,stir_1,,B1,cefrj:B1,efllex,stir,verb,lemma+pos,0.0,0.0,8.7188,0.6749,7.1091,4.0013,6,B1,0.472,3.96
stock,verb,,octanove,,,C1,,,efllex,stock,verb,lemma+pos,0.0,0.0,0.0,2.3422,0.0,0.6593,2,B2,1.0,4.93
storage,noun,,oxford5000,c1,storage,,B1,cefrj:B1,wordfreq,,,,,,,,,,,,,4.57
straightforward,adjective,,oxford5000,c1,straightforward,,B2,cefrj:B2,efllex,straightforward,adjective,lemma+pos,0.0,0.0,0.0,8.0181,1.2183,2.9621,6,B2,1.0,3.83
strain,noun,,oxford5000,c1,strain_1,,B1,cefrj:B1,efllex,strain,noun,lemma+pos,0.0,0.0,0.0,0.0,10.2145,1.5178,3,C1,1.0,4.15
strand,noun,,oxford5000,c1,strand_1,,B2,cefrj:B2,efllex,strand,verb,lemma,0.0,0.0,0.0,0.0,0.1559,0.0314,1,C1,1.0,3.68
strap,noun,,octanove,,,C1,,,efllex,strap,noun,lemma+pos,0.0,0.0,1.6375,0.1311,0.0,0.5394,2,B1,0.074,3.79
strategic,adjective,,oxford5000,c1,strategic,,B1,cefrj:B1,efllex,strategic,adjective,lemma+pos,0.0,0.0,0.0,0.0,0.6091,0.0803,1,C1,1.0,4.43
striking,adjective,,oxford5000,c1,striking,,B2,cefrj:B2,efllex,striking,adjective,lemma+pos,1.4193,0.0,0.0,0.8294,0.0,0.3407,2,A1,0.369,4.2
strip,noun,verb,oxford5000,c1,strip_1,,B1,cefrj:B1,efllex,strip,noun,lemma+pos,0.0,0.0,1.3622,0.0,0.1559,0.5852,2,B1,0.103,4.36
strive,verb,,oxford5000,c1,strive,,B2,cefrj:B2,efllex,strive,verb,lemma+pos,0.0,0.0,0.0,0.3154,0.0,0.045,1,B2,1.0,3.72
structural,adjective,,oxford5000,c1,structural,C1,,,wordfreq,,,,,,,,,,,,,4.18
stumble,verb,,oxford5000,c1,stumble_2,,B1,cefrj:B1,efllex,stumble,verb,lemma+pos,0.0,0.0,1.3622,0.8294,0.8152,1.2813,3,B1,0.547,3.42
stun,verb,,oxford5000,c1,stun,,B1,cefrj:B1,efllex,stun,verb,lemma+pos,0.0,0.0,0.0,0.6749,0.0,0.0574,1,B2,1.0,3.37
submission,noun,,oxford5000,c1,submission,,,,wordfreq,,,,,,,,,,,,,4.07
subordinate,noun,,octanove,,,C1,,,efllex,subordinate,noun,lemma+pos,0.0,0.0,0.0,0.3933,0.0,0.0943,3,B2,1.0,3.45
subscriber,noun,,oxford5000,c1,subscriber,,,,efllex,subscriber,noun,lemma+pos,0.0,0.0,1.3622,0.0,1.2183,0.9894,2,B1,0.472,3.52
subscription,noun,,oxford5000,c1,subscription,,,,efllex,subscription,noun,lemma+pos,0.0,0.0,1.3622,0.0,1.6303,1.2813,3,B1,0.545,4.06
subsidy,noun,,oxford5000,c1,subsidy,C2,,,efllex,subsidy,noun,lemma+pos,0.0,0.0,0.0,0.0,0.6091,0.0803,1,C1,1.0,3.56
substantial,adjective,,oxford5000,c1,substantial,,B1,cefrj:B1,efllex,substantial,adjective,lemma+pos,0.0,0.0,0.0,0.0,0.3118,0.0629,2,C1,1.0,4.33
substantially,adverb,,oxford5000,c1,substantially,C1,,,efllex,substantially,adverb,lemma+pos,0.0,0.0,0.0,0.8294,0.0,0.2268,1,B2,1.0,3.96
substitute,noun,verb,oxford5000,c1,substitute_1,,B1,cefrj:B1,efllex,substitute,noun,lemma+pos,0.0,0.0,0.0,0.0,1.2183,0.1606,2,C1,1.0,4.17
substitution,noun,,oxford5000,c1,substitution,,,,wordfreq,,,,,,,,,,,,,3.41
subtle,adjective,,oxford5000,c1,subtle,,B2,cefrj:B2,efllex,subtle,adjective,lemma+pos,0.0,0.0,0.0,0.0,0.1559,0.0314,1,C1,1.0,4.08
suburban,adjective,,oxford5000,c1,suburban,C1,,,efllex,suburban,adjective,lemma+pos,0.0,0.0,0.0,0.6308,0.0,0.0901,2,B2,1.0,3.91
succession,noun,,oxford5000,c1,succession,C1,,,efllex,succession,noun,lemma+pos,0.0,0.0,0.0,0.0,0.8152,0.2268,1,C1,1.0,3.97
successive,adjective,,oxford5000,c1,successive,,B2,cefrj:B2,wordfreq,,,,,,,,,,,,,3.85
successor,noun,,oxford5000,c1,successor,,,,wordfreq,,,,,,,,,,,,,3.99
suck,verb,,oxford5000,c1,suck_1,,B2,cefrj:B2,efllex,suck,verb,lemma+pos,0.0,0.0,0.0,0.0,0.9357,0.0698,1,C1,1.0,4.42
sue,verb,,oxford5000,c1,sue_1,,B2,cefrj:B2,efllex,sue,verb,lemma+pos,0.0,0.0,0.0,0.0,0.6091,0.0803,1,C1,1.0,4.22
suite,noun,,oxford5000,c1,suite,,,,efllex,suite,noun,lemma+pos,0.0,0.0,5.3242,0.0,3.1517,1.3402,4,B1,0.372,4.18
summit,noun,,oxford5000,c1,summit,,B1,cefrj:B1,efllex,summit,noun,lemma+pos,0.0,0.0,1.6375,17.4565,1.6303,5.5831,4,B1,0.921,4.3
superb,adjective,,oxford5000,c1,superb,,B2,cefrj:B2,wordfreq,,,,,,,,,,,,,3.96
superficial,adjective,,octanove,,,C1,,,efllex,superficial,adjective,lemma+pos,0.0,0.0,0.0,0.0,0.6091,0.0803,1,C1,1.0,3.56
superior,adjective,,oxford5000,c1,superior_1,,B1,cefrj:B1,efllex,superior,adjective,lemma+pos,0.0,0.0,1.3622,0.1311,19.3984,5.3434,7,B1,0.935,4.46
supervise,verb,,oxford5000,c1,supervise,,B2,cefrj:B2,efllex,supervise,verb,lemma+pos,0.0,0.0,0.0,1.6588,0.0,0.4535,2,B2,1.0,3.32
supervision,noun,,oxford5000,c1,supervision,,B2,cefrj:B2,efllex,supervision,noun,lemma+pos,0.0,0.0,0.0,0.8294,0.0,0.2268,1,B2,1.0,3.94
supervisor,noun,,oxford5000,c1,supervisor,,B2,cefrj:B2,efllex,supervisor,noun,lemma+pos,0.0,0.0,0.0,0.8294,0.0,0.2268,1,B2,1.0,3.95
supplement,noun,verb,oxford5000,c1,supplement_1,,B2,cefrj:B2,efllex,supplement,noun,lemma+pos,0.0,0.0,0.0,0.0,0.6091,0.0803,1,C1,1.0,4.03
supportive,adjective,,oxford5000,c1,supportive,,B1,cefrj:B1,efllex,supportive,adjective,lemma+pos,0.0,1.1119,0.0,0.0,0.6091,0.9942,3,A2,0.354,4.05
supposedly,adverb,,oxford5000,c1,supposedly,,B1,cefrj:B1,efllex,supposedly,adverb,lemma+pos,0.0,0.0,1.3622,0.8294,0.6091,1.5414,3,B1,0.514,3.96
suppress,verb,,oxford5000,c1,suppress,,B2,cefrj:B2,efllex,suppress,verb,lemma+pos,0.0,0.0,0.0,0.8294,0.0,0.2268,1,B2,1.0,3.66
supreme,adjective,,oxford5000,c1,supreme,,,,efllex,supreme,adjective,lemma+pos,0.0,0.0,0.0,0.0,1.6303,0.4535,1,C1,1.0,4.69
surge,verb,noun,oxford5000,c1,surge_2,C2,,,efllex,surge,verb,lemma+pos,0.0,0.0,0.0,0.3154,0.1804,0.0901,2,B2,1.0,3.82
surgical,adjective,,oxford5000,c1,surgical,,,,efllex,surgical,adjective,lemma+pos,0.0,0.0,0.0,3.6117,0.0,0.6752,2,B2,1.0,4.05
surplus,noun,,oxford5000,c1,surplus_1,,,,wordfreq,,,,,,,,,,,,,3.87
surrender,verb,,oxford5000,c1,surrender_1,,B2,cefrj:B2,efllex,surrender,verb,lemma+pos,0.0,0.0,0.0,0.0,2.7257,0.2034,3,C1,1.0,4.09
surveillance,noun,,oxford5000,c1,surveillance,,B2,cefrj:B2,efllex,surveillance,noun,lemma+pos,0.0,0.0,0.0,0.0,1.6303,0.4535,2,C1,1.0,4.17
suspension,noun,,oxford5000,c1,suspension,C1,,,wordfreq,,,,,,,,,,,,,4.24
suspicion,noun,,oxford5000,c1,suspicion,,B1,cefrj:B1,efllex,suspicion,noun,lemma+pos,0.0,0.0,0.0,5.483,4.897,2.424,5,B2,1.0,3.97
suspicious,adjective,,oxford5000,c1,suspicious,,B2,cefrj:B2,efllex,suspicious,adjective,lemma+pos,0.0,2.0297,0.0,12.3722,10.1724,7.8042,11,A2,0.917,4.09
sustain,verb,,oxford5000,c1,sustain,,B2,cefrj:B2,efllex,sustain,verb,lemma+pos,0.0,0.0,0.0,0.8294,0.1559,0.5394,2,B2,1.0,3.93
swap,verb,,octanove,,,C1,,,efllex,swap,verb,lemma+pos,0.0,0.0,0.0,2.4881,1.6303,1.1339,5,B2,1.0,3.94
swing,verb,noun,oxford5000,c1,swing_1,,B2,cefrj:B2,efllex,swing,verb,lemma+pos,0.0,0.5074,0.0,21.0622,35.6104,15.2626,16,A2,0.991,4.34
sword,noun,,oxford5000,c1,sword,,B1,cefrj:B1,efllex,sword,noun,lemma+pos,7.1046,143.0741,0.5308,1.4616,2.7257,32.3162,24,A1,0.027,4.37
symbolic,adjective,,oxford5000,c1,symbolic,,B2,cefrj:B2,efllex,symbolic,adjective,lemma+pos,0.0,0.0,0.0,0.0,0.8152,0.2268,1,C1,1.0,3.86
syndrome,noun,,oxford5000,c1,syndrome,,B1,cefrj:B1,efllex,syndrome,noun,lemma+pos,0.0,0.0,0.0,0.0,0.1804,0.045,1,C1,1.0,4.23
synthesis,noun,,oxford5000,c1,synthesis,C2,,,wordfreq,,,,,,,,,,,,,3.84
synthetic,adjective,,octanove,,,C1,,,efllex,synthetic,adjective,lemma+pos,0.0,0.0,0.0,0.0,4.6544,0.7357,2,C1,1.0,3.95
systematic,adjective,,oxford5000,c1,systematic,,B1,cefrj:B1,wordfreq,,,,,,,,,,,,,3.87
tackle,noun,,oxford5000,c1,tackle_2,,,,efllex,tackle,verb,lemma,0.0,0.0,0.296,2.4881,8.8406,4.4862,8,B1,0.975,4.15
tactic,noun,,oxford5000,c1,tactic,C2,,,efllex,tactic,noun,lemma+pos,0.0,0.0,0.0,0.6749,0.0,0.0574,1,B2,1.0,3.71
tactical,adjective,,oxford5000,c1,tactical,C2,,,wordfreq,,,,,,,,,,,,,3.97
taxpayer,noun,,oxford5000,c1,taxpayer,,,,efllex,taxpayer,noun,lemma+pos,0.0,0.0,0.0,0.8294,0.0,0.2268,1,B2,1.0,3.86
tedious,adjective,,octanove,,,C1,,,efllex,tedious,adjective,lemma+pos,0.0,0.0,0.0,2.7716,0.6091,1.0088,3,B2,1.0,3.5
tempt,verb,,oxford5000,c1,tempt,,B1,cefrj:B1,efllex,tempt,verb,lemma+pos,0.0,0.0,0.0,3.619,4.6793,1.8644,4,B2,1.0,3.22
tenant,noun,,oxford5000,c1,tenant_1,,,,efllex,tenant,noun,lemma+pos,0.0,0.0,4.299,0.0,0.0,0.1226,2,B1,0.0,3.78
tender,adjective,,oxford5000,c1,tender_1,,B2,cefrj:B2,efllex,tender,adjective,lemma+pos,0.0,0.0,0.0,0.7308,0.0,0.0621,1,B2,1.0,4.09
tenure,noun,,oxford5000,c1,tenure,,,,wordfreq,,,,,,,,,,,,,3.93
terminal,adjective,,oxford5000,c1,terminal_2,,,,efllex,terminal,adjective,lemma+pos,0.0,0.0,1.6375,0.0,0.0,0.2268,1,B1,0.0,4.31
terminate,verb,,oxford5000,c1,terminate,,,,efllex,terminate,verb,lemma+pos,0.0,0.0,0.0,0.8294,0.0,0.2268,1,B2,1.0,3.65
terrain,noun,,oxford5000,c1,terrain,C1,,,efllex,terrain,noun,lemma+pos,0.0,0.0,0.0,0.0,3.6378,0.68,2,C1,1.0,3.94
terrific,adjective,,oxford5000,c1,terrific,,B1,cefrj:B1,wordfreq,,,,,,,,,,,,,3.9
testify,verb,,oxford5000,c1,testify,,B2,cefrj:B2,wordfreq,,,,,,,,,,,,,3.84
testimony,noun,,oxford5000,c1,testimony,,B2,cefrj:B2,efllex,testimony,noun,lemma+pos,1.4193,0.0,0.0,0.8294,0.0,0.3407,2,A1,0.369,4.17
texture,noun,,oxford5000,c1,texture,,,,efllex,texture,noun,lemma+pos,0.0,0.0,0.0,0.8294,0.0,0.2268,1,B2,1.0,3.93
thankfully,adverb,,oxford5000,c1,thankfully,,,,efllex,thankfully,adverb,lemma+pos,0.0,0.0,0.0,0.8294,0.1559,0.5394,2,B2,1.0,3.8
theatrical,adjective,,oxford5000,c1,theatrical,,,,efllex,theatrical,adjective,lemma+pos,0.0,0.0,0.0,1.3049,0.0,0.1109,2,B2,1.0,3.68
theology,noun,,oxford5000,c1,theology,,,,efllex,theology,noun,lemma+pos,2.3682,0.0,0.0,0.0,0.0,0.0252,1,A1,0.0,3.92
theoretical,adjective,,oxford5000,c1,theoretical,,,,wordfreq,,,,,,,,,,,,,4.01
thereafter,adverb,,oxford5000,c1,thereafter,,B2,cefrj:B2,efllex,thereafter,adverb,lemma+pos,0.0,0.0,0.296,0.0,0.1804,0.6236,2,B1,0.379,3.97
thereby,adverb,,oxford5000,c1,thereby,C1,,,wordfreq,,,,,,,,,,,,,4.03
thought-provoking,adjective,,oxford5000,c1,thought-provoking,,,,wordfreq,,,,,,,,,,,,,3.47
thoughtful,adjective,,oxford5000,c1,thoughtful,,B2,cefrj:B2,efllex,thoughtful,adjective,lemma+pos,0.0,0.3481,8.371,5.4978,4.9836,5.8022,8,A2,0.546,3.83
thread,noun,,oxford5000,c1,thread_1,,B2,cefrj:B2,efllex,thread,noun,lemma+pos,0.0,1.1119,0.0,0.3154,5.0999,3.0169,4,A2,0.83,4.44
threshold,noun,,oxford5000,c1,threshold,,,,wordfreq,,,,,,,,,,,,,4.03
thrilled,adjective,,oxford5000,c1,thrilled,,B2,cefrj:B2,efllex,thrilled,adjective,lemma+pos,0.0,0.0,1.3622,0.8294,1.921,1.7987,4,B1,0.669,3.94
thrive,verb,,oxford5000,c1,thrive,,,,wordfreq,,,,,,,,,,,,,3.73
tide,noun,,oxford5000,c1,tide_1,,B1,cefrj:B1,efllex,tide,noun,lemma+pos,0.0,0.0,0.0,0.0,0.8152,0.2268,1,C1,1.0,4.05
tighten,verb,,oxford5000,c1,tighten,,B1,cefrj:B1,wordfreq,,,,,,,,,,,,,3.51
timber,noun,,oxford5000,c1,timber,,,,wordfreq,,,,,,,,,,,,,4.01
timely,adjective,,oxford5000,c1,timely,,B1,cefrj:B1,efllex,timely,adjective,lemma+pos,0.0,0.0,0.0,0.8294,0.0,0.2268,1,B2,1.0,3.85
timid,adjective,,octanove,,,C1,,,efllex,timid,adjective,lemma+pos,0.0,0.0,0.0,0.3154,0.0,0.045,1,B2,1.0,3.25
tobacco,noun,,oxford5000,c1,tobacco,,B1,cefrj:B1,efllex,tobacco,noun,lemma+pos,0.0,0.2873,0.0,0.0,8.6765,2.092,4,A2,0.968,4.19
tolerance,noun,,oxford5000,c1,tolerance,,,,efllex,tolerance,noun,lemma+pos,0.0,0.0,1.3622,0.0,0.0,0.0812,1,B1,0.0,4.06
tolerate,verb,,oxford5000,c1,tolerate,,B2,cefrj:B2,efllex,tolerate,verb,lemma+pos,0.0,0.0,2.5892,0.0,0.0,0.0865,1,B1,0.0,3.84
toll,noun,,oxford5000,c1,toll_1,,B2,cefrj:B2,wordfreq,,,,,,,,,,,,,4.08
toss,verb,,oxford5000,c1,toss_1,,B1,cefrj:B1,efllex,toss,verb,lemma+pos,0.0,0.0,0.0,0.0,0.8152,0.2268,1,C1,1.0,3.91
toxic,adjective,,oxford5000,c1,toxic,,B2,cefrj:B2,efllex,toxic,adjective,lemma+pos,0.0,0.0,0.0,0.2024,0.6091,0.9942,2,B2,1.0,4.24
trace,noun,,oxford5000,c1,trace_2,,B1,cefrj:B1,efllex,trace,noun,lemma+pos,0.0,0.0,0.0,0.1311,4.897,1.3249,3,B2,1.0,4.19
trademark,noun,,oxford5000,c1,trademark_1,,,,wordfreq,,,,,,,,,,,,,3.89
trail,noun,verb,oxford5000,c1,trail_1,,B1,cefrj:B1,efllex,trail,noun,lemma+pos,0.0,0.0,2.7244,0.6749,0.9357,1.9837,3,B1,0.372,4.45
trailer,noun,,oxford5000,c1,trailer,,B2,cefrj:B2,efllex,trailer,noun,lemma+pos,0.0,0.0,0.0,0.0,0.6091,0.0803,1,C1,1.0,4.32
transaction,noun,,oxford5000,c1,transaction,,,,wordfreq,,,,,,,,,,,,,4.21
transcript,noun,,oxford5000,c1,transcript,,B2,cefrj:B2,wordfreq,,,,,,,,,,,,,3.7
transformation,noun,,oxford5000,c1,transformation,,B1,cefrj:B1,efllex,transformation,noun,lemma+pos,0.0,0.0,0.0,0.0,2.4455,0.6803,2,C1,1.0,4.21
transit,noun,,oxford5000,c1,transit_1,C1,,,efllex,transit,noun,lemma+pos,0.0,0.0,0.0,0.1311,0.0,0.0314,1,B2,1.0,4.2
transmission,noun,,oxford5000,c1,transmission,,B2,cefrj:B2,wordfreq,,,,,,,,,,,,,4.33
transparency,noun,,oxford5000,c1,transparency,,,,wordfreq,,,,,,,,,,,,,3.9
transparent,adjective,,oxford5000,c1,transparent,,B2,cefrj:B2,efllex,transparent,adjective,lemma+pos,0.0,0.0,0.0,0.3154,0.0,0.045,1,B2,1.0,4.01
trauma,noun,,oxford5000,c1,trauma,C1,,,wordfreq,,,,,,,,,,,,,4.14
treaty,noun,,oxford5000,c1,treaty,,B2,cefrj:B2,wordfreq,,,,,,,,,,,,,4.31
tremendous,adjective,,oxford5000,c1,tremendous,,B1,cefrj:B1,efllex,tremendous,adjective,lemma+pos,0.0,0.0,0.0,0.0,0.6091,0.0803,1,C1,1.0,4.07
tribal,adjective,,oxford5000,c1,tribal_1,,,,wordfreq,,,,,,,,,,,,,4.03
tribunal,noun,,oxford5000,c1,tribunal,,,,wordfreq,,,,,,,,,,,,,3.88
tribute,noun,,oxford5000,c1,tribute,,,,wordfreq,,,,,,,,,,,,,4.25
trigger,noun,,oxford5000,c1,trigger_2,,B1,cefrj:B1,efllex,trigger,noun,lemma+pos,0.0,1.0149,0.0,0.0,0.0,0.0384,1,A2,0.0,4.25
trio,noun,,oxford5000,c1,trio,,B2,cefrj:B2,efllex,trio,noun,lemma+pos,0.0,0.887,0.0,0.0,0.0,0.2268,1,A2,0.0,3.94
triumph,noun,,oxford5000,c1,triumph_1,,B1,cefrj:B1,efllex,triumph,noun,lemma+pos,0.0,0.0,0.0,0.8294,0.0,0.2268,1,B2,1.0,3.96
trophy,noun,,oxford5000,c1,trophy_1,,B2,cefrj:B2,efllex,trophy,noun,lemma+pos,1.4193,0.0,0.0,0.0,0.0,0.0073,1,A1,0.0,4.17
troubled,adjective,,oxford5000,c1,troubled,,,,efllex,troubled,adjective,lemma+pos,0.0,2.4152,10.7474,0.7308,5.057,6.142,10,A2,0.305,3.91
trustee,noun,,oxford5000,c1,trustee,,,,efllex,trustee,noun,lemma+pos,0.0,0.0,0.0,3.9147,0.0,0.3327,5,B2,1.0,3.68
tuition,noun,,oxford5000,c1,tuition,,B2,cefrj:B2,efllex,tuition,noun,lemma+pos,0.0,0.0,0.296,0.8294,0.1559,0.5693,3,B1,0.769,3.97
tune,verb,,octanove,,,C1,,,efllex,tune,verb,lemma+pos,0.0,0.0,0.0,3.619,0.0,0.7357,2,B2,1.0,4.27
turmoil,noun,,octanove,,,C1,,,efllex,turmoil,noun,lemma+pos,0.0,0.0,0.0,0.1311,0.0,0.0314,1,B2,1.0,3.52
turnout,noun,,oxford5000,c1,turnout,,,,wordfreq,,,,,,,,,,,,,3.68
turnover,noun,,oxford5000,c1,turnover,,,,wordfreq,,,,,,,,,,,,,3.78
twist,verb,noun,oxford5000,c1,twist_1,,B1,cefrj:B1,efllex,twist,verb,lemma+pos,9.4728,0.4299,0.0,37.3153,43.0222,23.3971,25,A1,0.89,4.22
unconventional,adjective,,octanove,,,C1,,,efllex,unconventional,adjective,lemma+pos,0.0,0.0,0.0,0.0,0.1559,0.0314,1,C1,1.0,3.42
unconvincing,adjective,,octanove,,,C1,,,efllex,unconvincing,adjective,lemma+pos,0.0,0.0,0.0,0.1311,0.0,0.0314,1,B2,1.0,2.69
undergraduate,noun,,oxford5000,c1,undergraduate,,B2,cefrj:B2,wordfreq,,,,,,,,,,,,,3.85
underlying,adjective,,oxford5000,c1,underlying,,,,efllex,underlying,adjective,lemma+pos,0.0,0.0,0.0,0.4103,0.8152,0.7357,2,B2,1.0,4.17
undermine,verb,,oxford5000,c1,undermine,,,,wordfreq,,,,,,,,,,,,,3.65
undoubtedly,adverb,,oxford5000,c1,undoubtedly,,B2,cefrj:B2,efllex,undoubtedly,adverb,lemma+pos,0.0,0.0,0.0,4.9553,1.8274,1.9486,5,B2,1.0,3.88
uneventful,adjective,,octanove,,,C1,,,efllex,uneventful,adjective,lemma+pos,0.0,0.0,0.0,0.0,1.0665,0.0796,1,C1,1.0,2.91
unify,verb,,oxford5000,c1,unify,,B1,cefrj:B1,wordfreq,,,,,,,,,,,,,3.07
unprecedented,adjective,,oxford5000,c1,unprecedented,,,,efllex,unprecedented,adjective,lemma+pos,0.0,0.0,0.0,0.0,0.8152,0.2268,1,C1,1.0,3.82
unveil,verb,,oxford5000,c1,unveil,,,,efllex,unveil,verb,lemma+pos,0.0,0.0,0.0,0.8294,0.0,0.2268,1,B2,1.0,3.2
upcoming,adjective,,oxford5000,c1,upcoming,,,,efllex,upcoming,adjective,lemma+pos,0.0,0.0,0.0,0.8294,0.6091,0.7357,2,B2,1.0,4.34
upgrade,verb,noun,oxford5000,c1,upgrade_1,,B2,cefrj:B2,efllex,upgrade,verb,lemma+pos,0.0,0.0,0.0,0.0,0.1804,0.045,1,C1,1.0,4.24
uphold,verb,,oxford5000,c1,uphold,,,,efllex,uphold,verb,lemma+pos,0.0,0.0,0.296,0.0,0.0,0.0314,1,B1,0.0,3.52
utility,noun,,oxford5000,c1,utility_1,C2,B2,cefrj:B2,wordfreq,,,,,,,,,,,,,4.27
utilize,verb,,oxford5000,c1,utilize,C2,B2,cefrj:B2,efllex,utilize,verb,lemma+pos,0.0,0.0,0.0,0.0,0.6091,0.0803,1,C1,1.0,3.75
utterly,adverb,,oxford5000,c1,utterly,,B2,cefrj:B2,efllex,utterly,adverb,lemma+pos,0.0,0.0,0.0,0.0,1.6303,0.4535,2,C1,1.0,4.02
vacuum,noun,,oxford5000,c1,vacuum_1,,,,efllex,vacuum,noun,lemma+pos,0.0,0.0,0.0,0.0,1.8274,0.241,2,C1,1.0,4.09
vague,adjective,,oxford5000,c1,vague,,B1,cefrj:B1,efllex,vague,adjective,lemma+pos,0.0,0.0,0.0,0.0,0.8152,0.2268,1,C1,1.0,3.87
validity,noun,,oxford5000,c1,validity,,,,wordfreq,,,,,,,,,,,,,3.7
vanish,verb,,oxford5000,c1,vanish,,B2,cefrj:B2,efllex,vanish,verb,lemma+pos,0.0,0.0,0.0,4.0091,3.2606,2.6768,6,B2,1.0,3.39
variable,adjective,noun,oxford5000,c1,variable_2,,,,wordfreq,,,,,,,,,,,,,4.12
varied,adjective,,oxford5000,c1,varied,,B2,cefrj:B2,efllex,varied,adjective,lemma+pos,0.0,0.0,0.0,1.6588,0.6091,1.2795,3,B2,1.0,4.03
vegetation,noun,,octanove,,,C1,,,efllex,vegetation,noun,lemma+pos,0.0,0.3436,0.0,0.4103,0.1559,1.3491,3,A2,0.622,3.77
vein,noun,,oxford5000,c1,vein,,B1,cefrj:B1,wordfreq,,,,,,,,,,,,,3.77
venture,noun,verb,oxford5000,c1,venture_1,C2,B2,cefrj:B2,efllex,venture,noun,lemma+pos,0.0,0.0,0.0,0.0,0.8152,0.2268,1,C1,1.0,4.26
verbal,adjective,,oxford5000,c1,verbal,,B2,cefrj:B2,efllex,verbal,adjective,lemma+pos,0.0,0.0,0.296,0.0,0.0,0.0314,1,B1,0.0,3.91
verdict,noun,,oxford5000,c1,verdict,C1,,,efllex,verdict,noun,lemma+pos,0.0,0.0,1.3622,3.3744,0.6091,2.343,6,B1,0.745,4.03
verify,verb,,oxford5000,c1,verify,,,,efllex,verify,verb,lemma+pos,0.0,0.0,0.0,0.0,1.2183,0.1606,2,C1,1.0,3.88
versatile,adjective,,octanove,,,C1,,,efllex,versatile,adjective,lemma+pos,0.0,0.5559,0.0,0.0,0.8152,0.7381,2,A2,0.595,3.66
verse,noun,,oxford5000,c1,verse,,B2,cefrj:B2,efllex,verse,noun,lemma+pos,0.0,0.0,0.0,0.0,35.013,4.8442,5,C1,1.0,4.18
versus,preposition,,oxford5000,c1,versus,,B2,cefrj:B2,efllex,versus,preposition,lemma+pos,0.0,0.0,0.0,0.4103,0.0,0.0803,1,B2,1.0,4.32
vessel,noun,,oxford5000,c1,vessel,,B1,cefrj:B1,wordfreq,,,,,,,,,,,,,4.27
veteran,noun,,oxford5000,c1,veteran,,B2,cefrj:B2,wordfreq,,,,,,,,,,,,,4.21
viable,adjective,,oxford5000,c1,viable,,,,efllex,viable,adjective,lemma+pos,0.0,0.0,0.0,0.0,3.6378,0.68,3,C1,1.0,3.96
vibrant,adjective,,oxford5000,c1,vibrant,,,,efllex,vibrant,adjective,lemma+pos,0.0,0.0,0.0,0.4103,0.0,0.0803,1,B2,1.0,3.67
vice,noun,,oxford5000,c1,vice_1,,,,efllex,vice,noun,lemma+pos,0.0,0.0,0.0,0.0,0.9357,0.0698,1,C1,1.0,4.71
vicious,adjective,,oxford5000,c1,vicious,C1,,,efllex,vicious,adjective,lemma+pos,0.0,0.0,0.0,0.0,10.187,1.5063,3,C1,1.0,3.83
victorious,adjective,,octanove,,,C1,,,efllex,victorious,adjective,lemma+pos,0.0,0.0,0.0,0.0,0.9086,0.0678,1,C1,1.0,3.57
villager,noun,,oxford5000,c1,villager,,B2,cefrj:B2,efllex,villager,noun,lemma+pos,0.0,4.2571,0.1675,1.1852,0.9605,3.6805,6,A2,0.327,2.9
violate,verb,,oxford5000,c1,violate,,B2,cefrj:B2,efllex,violate,verb,lemma+pos,0.0,0.0,0.0,0.1311,0.1804,0.6236,2,B2,1.0,3.75
violation,noun,,oxford5000,c1,violation,,,,wordfreq,,,,,,,,,,,,,4.15
virtue,noun,,oxford5000,c1,virtue,,B2,cefrj:B2,efllex,virtue,noun,lemma+pos,0.0,0.0,0.0,0.0,4.6977,0.7043,2,C1,1.0,3.94
vocal,adjective,,oxford5000,c1,vocal_1,,,,wordfreq,,,,,,,,,,,,,4.16
voice,verb,,octanove,,,C1,,,efllex,voice,verb,lemma+pos,0.0,0.0,0.0,2.5478,0.0,0.6117,2,B2,1.0,5.07
vow,verb,,oxford5000,c1,vow_1,,,,efllex,vow,noun,lemma,0.0,0.0,0.0,0.4103,0.0,0.0803,1,B2,1.0,3.56
vulnerability,noun,,oxford5000,c1,vulnerability,,,,wordfreq,,,,,,,,,,,,,3.7
vulnerable,adjective,,oxford5000,c1,vulnerable,,,,efllex,vulnerable,adjective,lemma+pos,0.0,0.0,0.0,0.0,11.4986,1.8568,4,C1,1.0,4.21
ward,noun,,oxford5000,c1,ward_1,,B1,cefrj:B1,efllex,ward,noun,lemma+pos,0.0,0.0,10.7474,0.8294,6.2785,4.3602,8,B1,0.398,4.37
warehouse,noun,,oxford5000,c1,warehouse,,,,efllex,warehouse,noun,lemma+pos,0.0,0.0,0.0,0.2972,0.0,0.1729,1,B2,1.0,4.08
warfare,noun,,oxford5000,c1,warfare,,,,efllex,warfare,noun,lemma+pos,0.0,0.0,0.0,0.0,0.6091,0.0803,1,C1,1.0,4.05
warrant,noun,verb,oxford5000,c1,warrant_1,,,,wordfreq,,,,,,,,,,,,,4.24
warrior,noun,,oxford5000,c1,warrior,,B1,cefrj:B1,efllex,warrior,noun,lemma+pos,0.0,0.0,0.0,2.499,0.0,0.5394,2,B2,1.0,4.16
wary,adjective,,octanove,,,C1,,,efllex,wary,adjective,lemma+pos,0.0,0.0,0.0,0.0,0.8152,0.2268,1,C1,1.0,3.57
weaken,verb,,oxford5000,c1,weaken,,B2,cefrj:B2,efllex,weaken,verb,lemma+pos,0.0,0.0,0.0,8.1454,5.0799,3.4444,5,B2,1.0,3.49
weave,verb,,oxford5000,c1,weave_1,,,,wordfreq,,,,,,,,,,,,,3.53
weed,noun,,oxford5000,c1,weed_1,,B2,cefrj:B2,wordfreq,,,,,,,,,,,,,4.27
well-being,noun,,oxford5000,c1,well-being,,,,efllex,well-being,noun,lemma+pos,0.0,0.0,0.0,0.4103,0.0,0.0803,1,B2,1.0,5.69
whatever,adverb,,oxford5000,c1,whatever_2,,,,wordfreq,,,,,,,,,,,,,5.14
whatsoever,adverb,,oxford5000,c1,whatsoever,,,,efllex,whatsoever,adverb,lemma+pos,0.0,0.0,0.0,0.8294,6.7006,1.7591,3,B2,1.0,3.99
whereby,adverb,,oxford5000,c1,whereby,,,,wordfreq,,,,,,,,,,,,,3.74
whilst,conjunction,,oxford5000,c1,whilst,C1,,,efllex,whilst,preposition,lemma,0.0,0.0,0.0,0.6749,0.0,0.0574,1,B2,1.0,4.38
whip,verb,,oxford5000,c1,whip_1,,B2,cefrj:B2,efllex,whip,verb,lemma+pos,3.4417,0.0,0.0,0.0,17.1298,3.7223,5,A1,0.833,4.01
wholly,adverb,,oxford5000,c1,wholly,C2,,,wordfreq,,,,,,,,,,,,,3.83
wicked,adjective,,octanove,,,C1,,,efllex,wicked,adjective,lemma+pos,0.0,0.0,0.0,1.3498,0.0,0.1147,2,B2,1.0,3.99
widen,verb,,oxford5000,c1,widen,,B2,cefrj:B2,efllex,widen,verb,lemma+pos,0.0,0.0,0.0,5.3194,0.9086,1.8167,4,B2,1.0,3.25
widow,noun,,oxford5000,c1,widow_1,,B2,cefrj:B2,efllex,widow,noun,lemma+pos,0.0,0.5559,0.0,6.9859,0.0,2.1277,5,A2,0.926,4.08
width,noun,,oxford5000,c1,width,,B2,cefrj:B2,efllex,width,noun,lemma+pos,0.0,0.0,0.0,0.0,0.9357,0.0698,1,C1,1.0,4.02
willingness,noun,,oxford5000,c1,willingness,,B1,cefrj:B1,efllex,willingness,noun,lemma+pos,0.0,0.0,0.0,0.0,4.6832,0.6966,2,C1,1.0,3.82
wipe,verb,,oxford5000,c1,wipe_1,,B2,cefrj:B2,efllex,wipe,verb,lemma+pos,0.9027,0.5074,0.377,13.1902,17.8088,11.5006,15,A1,0.945,4.01
wit,noun,,oxford5000,c1,wit,,B2,cefrj:B2,efllex,wit,noun,lemma+pos,0.0,0.0,0.0,0.0,0.8152,0.2268,1,C1,1.0,3.96
withdrawal,noun,,oxford5000,c1,withdrawal,C1,B2,cefrj:B2,wordfreq,,,,,,,,,,,,,4.05
woo,verb,,octanove,,,C1,,,efllex,woo,verb,lemma+pos,0.0,0.0,0.0,0.0,0.6091,0.0803,1,C1,1.0,3.87
workout,noun,,oxford5000,c1,workout,,B1,cefrj:B1,efllex,workout,noun,lemma+pos,0.0,0.0,1.6375,0.0,0.0,0.2268,1,B1,0.0,4.02
worship,noun,verb,oxford5000,c1,worship_1,,B2,cefrj:B2,efllex,worship,noun,lemma+pos,0.0,0.0,0.0,0.0,0.8152,0.2268,1,C1,1.0,4.29
worthwhile,adjective,,oxford5000,c1,worthwhile,,B1,cefrj:B1,efllex,worthwhile,adjective,lemma+pos,0.0,0.0,0.0,0.1311,0.0,0.0314,1,B2,1.0,3.74
worthy,adjective,,oxford5000,c1,worthy_1,,B1,cefrj:B1,wordfreq,,,,,,,,,,,,,4.29
yell,verb,,oxford5000,c1,yell_1,,B2,cefrj:B2,efllex,yell,verb,lemma+pos,0.0,0.0,4.0866,0.3154,0.0,1.3339,3,B1,0.072,3.85
yield,noun,verb,oxford5000,c1,yield_1,,,,wordfreq,,,,,,,,,,,,,4.16
youngster,noun,,oxford5000,c1,youngster,,,,efllex,youngster,noun,lemma+pos,0.0,0.0,0.0,0.0,0.1559,0.0314,1,C1,1.0,3.27
